4,2,0,2,38,53,32,25,30,51,108,109,49,223,212,190,33,23,13,6,,
4,2,0,2,38,52,30,11,27,97,22,33,53,-1,-1,-1,-1,-1,-1,5,,
4,2,0,2,38,52,30,11,27,97,126,127,129,-1,-1,-1,-1,-1,-1,5,,
,,,,,,,,,,,,,,,,,,,,,
,,,,,,,,,,,,,,,,,,,,,
4,2,0,2,38,52,30,11,27,97,137,112,82,-1,-1,-1,-1,-1,-1,5,,
4,2,0,2,38,52,30,11,27,97,50,54,37,-1,-1,-1,-1,-1,-1,5,,
4,2,0,2,38,52,30,11,27,97,22,22,22,-1,-1,-1,-1,-1,-1,5,,
1,2,0,2,43,53,70,23,17,44,174,177,182,-1,-1,-1,-1,-1,-1,5,,
1,2,0,2,43,53,70,23,17,44,35,36,40,-1,-1,-1,-1,-1,-1,5,,
1,2,0,2,42,50,69,22,14,50,255,255,255,-1,-1,-1,-1,-1,-1,5,,
1,2,0,2,42,50,69,22,14,50,5,5,5,-1,-1,-1,-1,-1,-1,5,,
1,2,0,2,42,50,69,22,14,50,156,157,162,-1,-1,-1,-1,-1,-1,5,,
1,2,0,2,42,50,69,22,14,50,21,25,36,-1,-1,-1,-1,-1,-1,5,,
1,2,0,2,43,53,70,23,17,44,181,179,184,29,28,34,203,207,216,2,,
1,2,0,2,43,53,70,23,17,44,40,38,23,2,2,2,203,207,216,2,,
4,2,0,2,41,53,30,23,27,53,57,76,108,126,147,164,-1,-1,-1,2,,
1,2,0,2,43,53,70,23,17,44,255,255,255,28,61,138,-1,-1,-1,2,,
1,2,0,2,43,53,70,23,17,44,230,160,36,31,39,75,-1,-1,-1,2,,
1,2,0,2,43,53,70,23,17,44,23,25,50,78,166,144,-1,-1,-1,2,,
1,2,3,2,46,51,72,24,19,50,43,54,74,-1,-1,-1,-1,-1,-1,5,,
1,2,3,2,46,51,72,24,19,50,58,80,121,-1,-1,-1,-1,-1,-1,5,,
4,1,2,2,38,53,32,24,30,51,2,2,2,169,170,174,-1,-1,-1,3,,
4,1,2,2,38,53,32,24,30,51,255,255,255,169,170,174,-1,-1,-1,3,,
1,2,3,2,46,51,72,24,19,50,2,2,2,255,255,255,-1,-1,-1,2,,
1,2,3,2,46,51,72,24,19,50,130,131,136,2,2,2,-1,-1,-1,2,,
4,2,0,2,39,51,29,17,27,102,80,99,139,128,137,154,-1,-1,-1,5,,
4,2,0,2,39,51,29,17,27,102,255,255,255,-1,-1,-1,-1,-1,-1,5,,
1,2,0,2,43,51,77,22,18,51,195,195,197,91,91,93,-1,-1,-1,6,,
1,2,0,2,43,51,77,22,18,51,34,34,36,129,129,131,-1,-1,-1,6,,
1,2,0,2,43,51,77,22,18,51,31,43,67,18,18,18,-1,-1,-1,6,,
1,2,0,2,43,51,77,22,18,51,195,199,211,14,54,142,255,255,255,2,,
1,2,0,2,43,51,77,22,18,51,2,2,2,50,99,201,255,255,255,2,,
4,2,0,2,41,53,32,24,27,51,42,58,71,-1,-1,-1,-1,-1,-1,5,,
4,2,0,2,41,53,32,24,27,51,101,106,84,-1,-1,-1,-1,-1,-1,5,,
4,2,0,2,41,53,32,24,27,51,175,162,128,-1,-1,-1,-1,-1,-1,5,,
1,2,0,2,43,51,77,22,18,51,92,91,97,181,187,199,2,2,2,2,,
1,2,0,2,43,51,77,22,18,51,100,30,38,51,51,63,255,255,255,2,,
1,2,3,1,46,52,72,24,19,52,28,35,53,-1,-1,-1,-1,-1,-1,5,,
1,2,3,1,46,52,72,24,19,52,197,211,237,-1,-1,-1,-1,-1,-1,5,,
1,2,3,1,46,52,72,24,19,52,255,255,255,-1,-1,-1,-1,-1,-1,5,,
4,2,0,2,38,53,32,25,30,51,19,29,56,255,255,255,-1,-1,-1,3,,
4,2,0,2,38,53,32,25,30,51,255,255,255,2,2,2,-1,-1,-1,3,,
1,2,0,2,43,51,77,22,18,51,255,255,255,2,2,2,-1,-1,-1,2,,
1,2,0,2,43,51,77,22,18,51,31,30,48,240,241,245,-1,-1,-1,2,,
1,2,0,2,43,51,77,22,18,51,255,255,255,38,43,75,-1,-1,-1,2,,
1,2,0,2,43,51,77,22,18,51,174,175,180,28,29,33,-1,-1,-1,2,,
1,2,0,2,43,51,77,22,18,51,255,255,255,170,173,180,2,2,2,2,,
1,2,0,2,43,51,77,22,18,51,6,6,6,61,68,136,255,255,255,2,,
4,2,0,2,39,52,30,25,27,51,17,24,32,98,113,118,-1,-1,-1,5,,
4,2,0,2,39,52,30,25,27,51,81,98,64,18,25,35,-1,-1,-1,5,,
1,2,0,2,43,50.5,70,20,16.5,78,178,179,184,2,2,2,-1,-1,-1,2,,
1,2,0,2,43,50.5,70,20,16.5,78,105,104,112,255,255,255,-1,-1,-1,2,,
1,2,0,2,43,50.5,70,20,16.5,78,167,168,172,107,91,66,42,37,33,2,,
1,2,0,2,43,50.5,70,20,16.5,78,39,46,56,176,149,106,249,231,217,2,,
1,2,3,2,43,52,72,44,13,51,23,36,52,255,255,255,-1,-1,-1,2,,
1,2,3,2,43,52,72,44,13,51,255,255,255,21,30,45,-1,-1,-1,2,,
1,2,0,2,43,50.5,70,29,16.5,48,37,37,37,255,255,255,-1,-1,-1,2,,
1,2,0,2,43,50.5,70,29,16.5,48,212,50,61,255,255,255,-1,-1,-1,2,,
1,2,0,2,43,50.5,70,20,16.5,48,255,255,255,2,2,2,-1,-1,-1,2,,
1,2,0,2,43,50.5,70,20,16.5,48,138,139,144,87,98,162,255,255,255,2,,
4,2,0,2,37,52,30,25,33,52,31,30,35,44,45,49,-1,-1,-1,6,,
4,2,0,2,37,52,30,25,33,52,154,155,159,97,101,104,-1,-1,-1,6,,
1,2,0,2,43,50.5,70,20,16.5,48,169,168,173,255,255,255,116,115,120,2,,
4,2,0,2,36,53,-1,23,30,52,53,63,39,-1,-1,-1,-1,-1,-1,5,,
4,2,0,2,36,53,-1,23,30,52,16,16,16,-1,-1,-1,-1,-1,-1,5,,
4,2,0,2,36,53,-1,23,30,52,255,255,255,-1,-1,-1,-1,-1,-1,5,,
4,2,0,2,36,53,-1,23,30,52,193,192,197,-1,-1,-1,-1,-1,-1,5,,
1,2,0,2,43,50.5,70,20,16.5,48,2,2,2,255,255,255,-1,-1,-1,2,,
1,2,0,2,43,50.5,70,20,16.5,48,205,55,57,255,255,255,-1,-1,-1,2,,
1,2,0,2,48,48,76,19,17,51,230,230,230,-1,-1,-1,-1,-1,-1,5,,
1,2,0,2,48,48,76,19,17,51,218,219,224,165,166,171,-1,-1,-1,6,,
1,2,0,2,48,48,76,19,17,51,32,32,28,89,88,84,-1,-1,-1,6,,
1,2,0,2,44.5,50.5,71,21.5,17.5,49.5,255,255,255,255,230,85,-1,-1,-1,2,,
1,2,0,2,44.5,50.5,71,21.5,17.5,49.5,15,15,17,255,230,85,-1,-1,-1,2,,
1,2,0,2,44.5,50.5,71,21.5,17.5,49.5,255,255,255,2,2,2,254,235,45,2,,
1,2,0,2,44.5,50.5,71,21.5,17.5,49.5,21,20,34,255,255,255,254,235,45,2,,
,,,,,,,,,,,,,,,,,,,,,
,,,,,,,,,,,,,,,,,,,,,
,,,,,,,,,,,,,,,,,,,,,
,,,,,,,,,,,,,,,,,,,,,
,,,,,,,,,,,,,,,,,,,,,
,,,,,,,,,,,,,,,,,,,,,
,,,,,,,,,,,,,,,,,,,,,
,,,,,,,,,,,,,,,,,,,,,
,,,,,,,,,,,,,,,,,,,,,
,,,,,,,,,,,,,,,,,,,,,
,,,,,,,,,,,,,,,,,,,,,
,,,,,,,,,,,,,,,,,,,,,
,,,,,,,,,,,,,,,,,,,,,
,,,,,,,,,,,,,,,,,,,,,
,,,,,,,,,,,,,,,,,,,,,
,,,,,,,,,,,,,,,,,,,,,
,,,,,,,,,,,,,,,,,,,,,
,,,,,,,,,,,,,,,,,,,,,
,,,,,,,,,,,,,,,,,,,,,
,,,,,,,,,,,,,,,,,,,,,
,,,,,,,,,,,,,,,,,,,,,
,,,,,,,,,,,,,,,,,,,,,
,,,,,,,,,,,,,,,,,,,,,
1,2,0,2,44.5,50.5,71,21.5,17.5,49.5,18,24,50,-1,-1,-1,-1,-1,-1,3,,
1,2,0,2,44.5,50.5,71,21.5,17.5,49.5,16,15,21,-1,-1,-1,-1,-1,-1,3,,
1,2,0,2,44,53,71,24,17,51,6,6,6,235,155,42,-1,-1,-1,2,,
1,2,0,2,44,53,71,24,17,51,255,255,255,17,17,19,-1,-1,-1,2,,
1,2,0,2,44.5,50.5,71,21.5,17.5,49.5,215,214,220,62,62,70,255,255,255,2,,
1,2,0,2,44.5,50.5,71,21.5,17.5,49.5,29,30,60,204,59,66,255,255,255,2,,
1,2,0,2,44.5,50.5,71,21.5,17.5,49.5,255,255,255,0,0,0,-1,-1,-1,2,,
1,2,0,2,44.5,50.5,71,21.5,17.5,49.5,0,0,0,255,255,255,-1,-1,-1,2,,
4,2,0,2,37,52,32,28,32,52,130,130,130,255,255,255,-1,-1,-1,5,,2
4,2,0,2,37,52,32,28,32,52,8,8,8,255,255,255,-1,-1,-1,5,,2
4,2,0,2,41,56,32,27,30,53,169,145,117,10,3,0,-1,-1,-1,3,,3
4,2,0,2,41,56,32,27,30,53,17,17,17,255,255,255,-1,-1,-1,3,,3
4,2,0,2,41,55,32,25,30,53,163,134,92,-1,-1,-1,-1,-1,-1,5,,5
4,2,0,2,41,55,32,25,30,53,17,17,17,-1,-1,-1,-1,-1,-1,5,,5
1,2,0,2,44.5,50.5,71.5,21.5,17.5,49.5,222,226,238,0,0,0,-1,-1,-1,3,,
1,2,0,2,44.5,50.5,71.5,21.5,17.5,49.5,20,20,20,255,255,255,-1,-1,-1,3,,
4,2,0,2,41,53,32,24,29,53,34,44,54,90,89,59,-1,-1,-1,5,,
4,2,0,2,41,53,32,24,29,53,131,102,60,25,42,60,-1,-1,-1,5,,
1,2,0,2,44.5,50.5,71,21.5,17.5,49.5,178,30,42,0,0,0,255,255,255,2,,
1,2,0,2,44.5,50.5,71,21.5,17.5,49.5,32,37,56,51,63,175,255,255,255,2,,
4,2,0,2,41,55,32,24,28,53,36,41,60,-1,-1,-1,-1,-1,-1,5,,
1,2,0,2,44.5,50.5,71,21.5,17.5,49.5,22,23,27,255,255,255,-1,-1,-1,2,,
1,2,0,2,44.5,50.5,71,21.5,17.5,49.5,64,63,68,255,255,255,-1,-1,-1,2,,
4,2,0,2,37,53,32,28,32,52,54,58,23,226,216,204,35,35,35,6,,
1,2,0,2,44.5,50.5,71,21.5,17.5,49.5,255,255,255,32,32,32,214,214,214,2,,
1,2,0,2,44.5,50.5,71,21.5,17.5,49.5,35,34,39,255,255,255,238,241,250,2,,
1,2,0,2,42,49,70,20,15.5,49,132,132,134,45,63,125,255,255,255,2,,
1,2,0,2,42,49,70,20,15.5,49,20,42,79,254,161,57,255,255,255,2,,
1,2,0,2,42,49,70,20.5,16,47,255,255,255,236,61,66,0,0,0,2,,
1,2,0,2,42,49,70,20.5,16,47,33,45,145,229,45,43,255,255,255,2,,
4,2,0,2,41,55,32,24,25,52,55,62,70,-1,-1,-1,-1,-1,-1,5,,
4,2,0,2,41,55,32,24,25,52,90,86,77,-1,-1,-1,-1,-1,-1,5,,
4,2,0,2,41,55,32,24,25,52,241,229,213,-1,-1,-1,-1,-1,-1,5,,
1,2,0,2,42,49,70,20.5,16,47,1,34,75,19,179,153,211,215,218,2,,
4,2,0,2,39,48,29,23,27,53,22,22,32,-1,-1,-1,-1,-1,-1,5,,
4,2,0,2,39,48,29,23,27,53,63,89,140,-1,-1,-1,-1,-1,-1,5,,
1,2,0,2,42,49,70,20.5,16,47,255,255,255,16,28,52,138,23,28,2,,
1,2,0,2,42,49,70,20.5,16,47,20,23,38,89,4,9,224,218,192,2,,
4,2,0,2,36,52,29,10,28,96.5,127,127,129,80,79,84,-1,-1,-1,5,,
4,2,0,2,36,52,29,10,28,96.5,47,47,47,-1,-1,-1,-1,-1,-1,5,,
2,2,0,1,-1,51,70,78,8,48,18,29,49,-1,-1,-1,-1,-1,-1,5,,
2,2,0,1,-1,51,70,78,8,48,151,169,209,-1,-1,-1,-1,-1,-1,5,,
1,2,0,2,42,49,70,20.5,16,47,94,93,98,12,12,24,-1,-1,-1,2,,
1,2,0,2,42,49,70,20.5,16,47,26,198,212,3,10,114,-1,-1,-1,2,,
4,2,0,2,38,50,29,16,28,99,19,27,40,-1,-1,-1,-1,-1,-1,5,,
4,2,0,2,38,50,29,16,28,99,191,169,122,-1,-1,-1,-1,-1,-1,5,,
4,2,0,2,38,50,29,16,28,99,34,34,34,-1,-1,-1,-1,-1,-1,5,,
4,2,0,2,39,51,29,24,28,48,28,28,40,255,255,255,-1,-1,-1,3,,
4,2,0,2,39,51,29,24,28,48,117,148,104,24,25,30,-1,-1,-1,3,,
1,2,0,2,42,49,70,20.5,16,47,173,224,217,26,37,59,-1,-1,-1,2,,
1,2,0,2,42,49,70,20.5,16,47,145,151,163,229,115,45,-1,-1,-1,2,,
4,2,0,2,39,53,30,23,25,48,16,19,36,81,95,130,-1,-1,-1,5,,
4,2,0,2,39,53,30,23,25,48,96,118,168,112,138,187,188,294,220,5,,
1,2,0,2,42,49,70,20.5,16,47,8,8,8,150,53,47,255,255,255,2,,
1,2,0,2,42,49,70,20.5,16,47,198,199,203,8,7,25,255,188,14,2,,
4,2,0,2,36,52,32,25,28,51,30,38,61,-1,-1,-1,-1,-1,-1,5,,
4,2,0,2,36,52,32,25,28,51,172,141,95,-1,-1,-1,-1,-1,-1,5,,
4,2,0,2,36,52,32,25,28,51,0,0,0,-1,-1,-1,-1,-1,-1,5,,
1,2,0,2,42,49,70,20.5,16,47,255,255,255,12,20,40,224,28,40,2,,
1,2,0,2,42,49,70,20.5,16,47,25,36,54,119,124,130,224,28,40,2,,
1,2,0,2,42,49,70,20.5,16,47,9,9,9,255,255,255,-1,-1,-1,2,,
1,2,0,2,42,49,70,20.5,16,47,151,150,155,234,232,233,-1,-1,-1,2,,
1,2,0,2,42,49,70,20.5,16,47,255,255,255,182,3,33,3,3,3,2,,
1,2,0,2,42,49,70,20.5,16,47,199,11,9,32,32,50,255,255,255,2,,
1,2,0,2,42,49.5,70,20,16,47,221,222,224,21,24,39,255,255,255,2,,
1,2,0,2,42,49.5,70,20,16,47,29,32,49,207,6,14,255,255,255,2,,
1,2,0,2,42,49,70,20.5,16,47,240,179,52,44,55,109,255,255,255,2,,
1,2,0,2,42,49,70,20.5,16,47,27,39,61,212,86,38,255,255,255,2,,
4,2,0,2,38,52,30,24,32,51,30,31,33,255,255,255,-1,-1,-1,5,,
4,2,0,2,38,52,30,24,32,51,192,195,200,38,34,61,-1,-1,-1,5,,
1,2,0,2,42,49,70,20.5,16,47,31,31,39,40,148,98,67,132,112,6,,
2,2,0,2,41,48,70,64,9,46,143,143,145,6,6,6,-1,-1,-1,5,,
4,2,0,2,42,53,32,23,28,56,25,37,61,-1,-1,-1,-1,-1,-1,5,,
4,2,0,2,42,53,32,23,28,56,203,185,147,-1,-1,-1,-1,-1,-1,5,,
1,2,0,2,42,50,70,23,15,47,221,220,225,11,20,35,151,33,85,1,,
1,2,0,2,42,50,70,23,15,47,20,27,35,134,25,66,230,130,55,1,,
1,2,0,2,42,49,70,20.5,16,47,214,218,221,29,36,46,230,230,232,2,,
1,2,0,2,42,49,70,20.5,16,47,31,32,37,223,218,212,99,53,56,2,,
1,2,3,2,43,51,72,23,17,50,142,158,194,59,87,160,-1,-1,-1,5,,
1,2,3,2,43,51,72,23,17,50,227,228,230,149,159,168,-1,-1,-1,5,,
4,2,0,2,37,52,29,24,29,56,23,22,27,-1,-1,-1,-1,-1,-1,5,,
4,2,0,2,37,52,29,24,29,56,83,97,61,-1,-1,-1,-1,-1,-1,5,,
4,2,0,2,37,52,29,24,29,56,195,156,99,-1,-1,-1,-1,-1,-1,5,,
1,2,0,2,42,49,70,20.5,16,47,196,196,196,5,3,25,-1,-1,-1,2,,
1,2,0,2,42,49,70,20.5,16,47,32,32,42,245,3,1,-1,-1,-1,2,,
2,2,0,2,41,48,70,64,9,46,158,179,200,199,211,223,-1,-1,-1,5,,
1,2,0,2,42,49,70,20.5,16,47,204,204,206,126,31,27,227,222,216,2,,
1,2,0,2,42,49,70,20.5,16,47,50,57,75,208,209,191,29,28,33,2,,
1,2,0,1,42,49,70,20.5,16,47,175,171,168,255,255,255,-1,-1,-1,2,,
1,2,0,1,42,49,70,20.5,16,47,64,64,74,255,255,255,-1,-1,-1,2,,
1,2,0,2,42,49,70,20.5,16,47,175,181,197,238,238,240,-1,-1,-1,2,,
1,2,0,2,42,49,70,20.5,16,47,250,158,163,215,213,218,-1,-1,-1,2,,
4,2,0,2,36,52,32,24,33,56,177,158,126,97,97,97,-1,-1,-1,5,,
4,2,0,2,36,52,32,24,33,56,0,0,0,97,97,97,-1,-1,-1,5,,
1,2,0,2,42,49,70,20.5,16,47,21,28,36,87,32,37,219,217,218,1,,
1,2,3,2,32,52,72,64,10,51,22,29,48,-1,-1,-1,-1,-1,-1,5,,
1,2,3,2,32,52,72,64,10,51,144,159,202,-1,-1,-1,-1,-1,-1,5,,
1,2,3,2,32,52,72,64,10,51,255,255,255,-1,-1,-1,-1,-1,-1,5,,
1,2,0,2,42,49,70,20.5,16,47,255,255,255,41,44,59,-1,-1,-1,1,,
1,2,3,2,43,51,72,44,14,50,20,25,31,-1,-1,-1,-1,-1,-1,5,,
1,2,0,2,42,49,70,20.5,16,47,214,213,211,243,1,0,255,255,255,2,,
1,2,0,2,42,49,70,20.5,16,47,36,47,75,243,1,0,255,255,255,2,,
1,2,0,2,42,49,70,20.5,16,47,181,180,185,255,255,255,28,31,46,2,,
1,2,0,2,42,49,70,20.5,16,47,56,62,88,138,32,36,255,122,21,2,,
4,2,0,2,39,50,27,16,25,99,130,143,159,230,232,231,34,53,79,5,,
1,2,0,1,42,49,70,20.5,16,47,44,50,36,94,100,56,55,57,44,6,,
4,2,0,2,41,55,29,23,25,51,142,154,168,189,199,209,205,216,222,2,,
1,2,0,1,42,51,70,22,17,51,219,76,122,118,199,228,11,14,83,6,,
4,2,0,2,37,51,30,24,28,51,30,49,82,-1,-1,-1,-1,-1,-1,5,,
4,2,0,2,37,51,30,24,28,51,203,181,140,-1,-1,-1,-1,-1,-1,5,,
4,2,0,2,37,51,30,24,28,51,229,229,237,-1,-1,-1,-1,-1,-1,5,,
1,2,0,2,42,49,70,20.5,16,47,255,255,255,217,154,0,18,28,40,2,,
4,2,0,2,38,55,33,26,29,48,67,98,129,14,23,30,184,203,220,1,,
4,2,0,2,38,55,33,26,29,48,94,94,94,187,187,187,19,19,19,1,,
1,2,0,2,42,49,70,20.5,16,47,198,197,203,47,46,51,-1,-1,-1,2,,
1,2,0,2,42,49,70,20.5,16,47,175,37,52,255,255,255,-1,-1,-1,2,,
4,2,0,2,38,55,34,30,34,43,63,91,188,255,255,255,28,38,63,1,,
4,2,0,2,38,55,34,30,34,43,34,37,52,255,255,255,172,53,57,1,,
1,2,0,2,43,50,67,21,14,47,191,190,195,-1,-1,-1,-1,-1,-1,5,,
1,2,0,2,43,50,67,21,14,47,18,19,23,-1,-1,-1,-1,-1,-1,5,,
1,2,0,2,43,50,67,21,14,47,131,134,143,-1,-1,-1,-1,-1,-1,5,,
4,2,0,2,39,51,39,24,27,52,47,52,71,255,255,255,-1,-1,-1,6,,
4,2,0,2,38,53,29,23,27,48,174,183,200,30,46,69,-1,-1,-1,5,,
4,2,0,2,38,53,29,23,27,48,98,122,156,-1,-1,-1,-1,-1,-1,5,,
1,2,0,1,42,49,70,20.5,16,47,124,156,197,255,255,255,-1,-1,-1,2,,
1,2,0,2,43,51,72,23,17,50,21,27,39,255,255,255,-1,-1,-1,6,,
4,2,3,2,40,51,30,17,27,102,194,164,126,-1,-1,-1,-1,-1,-1,5,,
4,2,3,2,40,51,30,17,27,102,163,158,164,-1,-1,-1,-1,-1,-1,5,,
4,2,3,2,40,51,30,17,27,102,34,34,34,-1,-1,-1,-1,-1,-1,5,,
4,2,0,2,39,50,30,22,26,52,208,209,211,-1,-1,-1,-1,-1,-1,5,,
1,2,0,2,42,49,70,20.5,16,47,0,154,204,255,255,255,-1,-1,-1,2,,
1,2,0,2,42,49,70,20.5,16,47,245,115,113,255,255,255,-1,-1,-1,2,,
1,2,0,2,42,49,70,20.5,16,47,0,93,154,255,255,255,-1,-1,-1,2,,
1,2,0,2,42,49,70,20.5,16,47,106,193,238,255,255,255,0,0,0,1,,
4,2,0,2,41,51,30,23,28,56,105,124,157,56,73,101,164,175,177,5,,
1,2,0,1,42,49,70,20.5,16,47,111,119,140,26,36,98,26,36,98,2,,
1,2,0,1,42,49,70,20.5,16,47,253,149,158,255,255,255,-1,-1,-1,2,,
1,2,0,2,42,49,70,20.5,16,47,255,98,89,230,191,192,-1,-1,-1,2,,
4,2,0,2,38,53,32,25,30,50,181,180,185,-1,-1,-1,-1,-1,-1,5,,
1,2,0,2,42,49,70,20.5,16,47,255,255,255,73,200,207,27,47,97,2,,
1,2,0,2,42,49,70,20.5,16,47,25,31,55,204,76,5,229,229,231,2,,
1,2,0,2,44.5,50.5,71,21.5,17.5,49.5,255,255,255,213,145,0,129,53,53,2,,
1,2,0,2,44.5,50.5,71,21.5,17.5,49.5,0,0,0,213,145,0,129,53,53,2,,
4,2,0,2,41,52,32,27,30,53,31,43,67,190,162,118,36,36,36,5,,
4,2,0,2,41,52,32,27,30,53,157,99,35,76,79,50,193,170,138,5,,
1,2,0,1,44.5,50.5,71,21.5,17.5,49.5,176,176,176,247,195,49,210,43,50,2,,
1,2,0,1,44.5,50.5,71,21.5,17.5,49.5,22,22,22,255,255,255,-1,-1,-1,1,,
1,2,0,2,44.5,50.5,71,21.5,17.5,49.5,255,255,255,0,0,0,226,170,0,2,,
1,2,0,2,44.5,50.5,71,21.5,17.5,49.5,0,0,0,252,215,111,255,255,255,2,,
1,2,0,1,44.5,50.5,71,21.5,17.5,49.5,255,255,255,0,0,0,249,195,87,2,,
1,2,0,1,44.5,50.5,71,21.5,17.5,49.5,25,24,29,255,255,255,195,87,137,2,,
1,2,0,2,44.5,50.5,71,21.5,17.5,49.5,255,255,255,203,124,58,0,0,0,2,,
4,2,0,2,39,53,34,23,27,52,25,53,77,112,152,178,-1,-1,-1,6,,
4,2,0,2,39,53,34,23,27,52,130,120,128,165,161,162,-1,-1,-1,6,,
1,2,0,1,44.5,50.5,71,21.5,17.5,49.5,0,0,0,255,255,255,255,202,78,2,,
1,2,0,1,44.5,50.5,71,21.5,17.5,49.5,123,123,131,255,255,255,255,202,78,2,,
1,2,0,1,44.5,50.5,71,21.5,17.5,49.5,255,255,255,0,0,0,-1,-1,-1,2,,
1,2,0,1,44.5,50.5,71,21.5,17.5,49.5,29,29,31,255,255,255,-1,-1,-1,2,,
1,2,0,1,44.5,50.5,71,21.5,17.5,49.5,151,152,157,26,27,29,-1,-1,-1,2,,
4,2,0,2,39,51,30,15,25,102,142,162,186,78,107,139,143,161,181,5,,
1,2,0,2,44.5,50.5,71,21.5,17.5,49.5,23,25,46,255,255,255,255,165,118,2,,
1,2,0,1,43,50.5,70,19.5,16,47,149,235,226,20,22,21,-1,-1,-1,2,,
1,2,0,1,43,50.5,70,19.5,16,47,0,0,0,255,255,255,-1,-1,-1,2,,
1,2,0,1,43,50.5,70,19.5,16,47,0,0,0,255,255,255,-1,-1,-1,2,,
1,2,0,2,43,50.5,70,19.5,16,47,255,255,255,251,112,19,25,25,27,2,,
1,2,0,2,43,50.5,70,19.5,16,47,255,255,255,251,112,19,25,25,27,2,,
1,2,0,2,43,50.5,70,19.5,16,47,255,255,255,251,112,19,25,25,27,2,,
1,2,0,2,43,50.5,70,19.5,16,47,255,255,255,251,112,19,25,25,27,2,,
1,2,0,1,43,50.5,70,19.5,16,47,255,255,255,251,112,19,25,25,27,2,,
1,2,0,1,43,50.5,70,19.5,16,47,255,255,255,251,112,19,25,25,27,2,,
1,2,0,1,43,50.5,70,19.5,16,47,255,255,255,251,112,19,25,25,27,2,,
1,2,0,1,43,50.5,70,19.5,16,47,255,255,255,251,112,19,25,25,27,2,,
1,2,0,1,43,50.5,70,19.5,16,47,255,255,255,251,112,19,25,25,27,2,,
1,2,0,1,43,50.5,70,19.5,16,47,255,255,255,251,112,19,25,25,27,2,,
1,2,0,1,43,50.5,70,19.5,16,47,255,255,255,251,112,19,25,25,27,2,,
1,2,0,1,43,50.5,70,19.5,16,47,255,255,255,251,112,19,25,25,27,2,,
4,2,0,2,38,51,29,16,27,99,133,157,181,165,179,190,-1,-1,-1,5,,
4,2,0,2,41,52,32,23,25,51,244,243,255,116,115,131,-1,-1,-1,1,,
1,2,0,2,43,50.5,70,19.5,16,47,28,32,43,255,255,255,-1,-1,-1,2,,
1,2,0,2,43,50.5,70,19.5,16,47,14,14,14,255,255,255,-1,-1,-1,2,,
1,2,0,1,43,50.5,70,19.5,16,47,36,45,62,255,255,255,-1,-1,-1,2,,
1,2,0,2,43,50.5,70,19.5,16,47,12,12,14,255,255,255,-1,-1,-1,6,,
4,2,0,2,37,52,30,23,32,51,255,255,255,43,43,77,-1,-1,-1,1,,
1,2,0,2,43,50.5,70,19.5,16,47,43,43,77,255,255,255,-1,-1,-1,1,,
1,2,0,2,43,50.5,70,19.5,16,47,255,255,255,2,2,2,-1,-1,-1,2,,
4,2,0,2,39,53,32,24,30,51,36,46,58,-1,-1,-1,-1,-1,-1,5,,
4,2,0,2,39,53,32,24,30,51,17,17,17,-1,-1,-1,-1,-1,-1,5,,
4,2,0,2,39,53,32,24,30,51,158,158,158,-1,-1,-1,-1,-1,-1,5,,
4,2,0,2,39,53,32,24,30,51,177,161,138,-1,-1,-1,-1,-1,-1,5,,
4,2,0,2,39,53,32,24,30,51,255,255,255,-1,-1,-1,-1,-1,-1,5,,
1,2,0,2,43,50.5,70,19.5,16,47,255,255,255,-1,-1,-1,-1,-1,-1,5,,
1,2,0,2,43,50.5,70,19.5,16,47,135,134,139,-1,-1,-1,-1,-1,-1,5,,
1,2,0,2,43,50.5,70,19.5,16,47,71,32,37,-1,-1,-1,-1,-1,-1,5,,
1,2,0,2,43,50.5,70,19.5,16,47,35,55,80,-1,-1,-1,-1,-1,-1,5,,
1,2,0,2,43,50.5,70,19.5,16,47,21,24,39,-1,-1,-1,-1,-1,-1,5,,
4,2,0,2,38,53,30,24,30,51,15,24,39,-1,-1,-1,-1,-1,-1,5,,
4,2,0,2,38,53,30,24,30,51,50,53,22,-1,-1,-1,-1,-1,-1,5,,
4,2,0,2,38,53,30,24,30,51,110,90,55,-1,-1,-1,-1,-1,-1,5,,
1,2,0,2,43,50.5,70,19.5,16,47,17,24,32,74,73,79,255,255,255,2,,
1,2,0,2,43,50.5,70,19.5,16,47,20,22,35,149,129,131,255,255,255,2,,
1,2,3,2,43,51,72,44,14,50,154,170,206,-1,-1,-1,-1,-1,-1,5,,
1,2,3,2,43,51,72,44,14,50,170,170,170,-1,-1,-1,-1,-1,-1,5,,
1,2,0,2,42,49,70,20.5,16,47,241,241,239,93,148,205,35,52,68,1,,
1,2,0,2,42,49,70,20.5,16,47,243,243,241,27,27,27,52,68,91,1,,
1,2,0,2,42,49,70,20.5,16,47,166,167,161,255,255,255,-1,-1,-1,1,,
1,2,0,2,42,49,70,20.5,16,47,255,255,255,1,1,1,-1,-1,-1,1,,
1,2,0,2,42,49,70,20.5,16,47,12,21,28,255,255,255,-1,-1,-1,1,,
4,2,0,2,40,52,30,24,27,53,118,138,162,-1,-1,-1,-1,-1,-1,5,,
4,2,0,2,40,52,30,24,27,53,174,177,182,-1,-1,-1,-1,-1,-1,5,,
1,2,0,1,42,49,70,20.5,16,47,191,3,4,255,255,255,-1,-1,-1,2,,
1,2,0,1,42,49,70,20.5,16,47,16,16,40,255,222,3,-1,-1,-1,2,,
1,2,0,1,42,49,70,20.5,16,47,12,12,12,-1,-1,-1,-1,-1,-1,2,,
1,2,0,2,42,49,70,20.5,16,47,163,164,168,29,38,47,-1,-1,-1,2,,
1,2,0,2,42,49,70,20.5,16,47,26,34,45,165,29,43,-1,-1,-1,2,,
1,2,0,2,42,49,70,20.5,16,47,255,255,255,18,149,143,15,25,34,2,,
1,2,0,2,42,49,70,20.5,16,47,44,43,51,225,50,29,25,36,68,1,,
1,2,0,2,42,49,70,20.5,16,47,179,180,185,255,255,255,-1,-1,-1,2,,
1,2,0,2,42,49,70,20.5,16,47,42,45,64,247,210,31,228,169,3,2,,
4,2,0,2,38,52,30,24,28,48,233,203,211,-1,-1,-1,-1,-1,-1,5,,
4,2,0,2,38,52,30,24,28,48,117,215,234,-1,-1,-1,-1,-1,-1,5,,
1,2,0,2,42,49,70,20.5,16,47,35,33,44,225,226,230,-1,-1,-1,2,,
4,2,0,2,36,55,33,27,33,53,5,6,26,255,255,255,-1,-1,-1,6,,
1,2,0,2,42,49,70,20.5,16,47,227,215,157,72,93,158,231,169,128,2,,
1,2,0,2,42,49,70,20.5,16,47,152,171,213,235,239,250,195,217,241,2,,
4,2,0,2,41,50,29,24,27,51,43,74,138,26,28,27,-1,-1,-1,6,,
4,2,0,2,41,50,29,24,27,51,28,28,28,108,105,96,-1,-1,-1,6,,
,,,,,,,,,,,,,,,,,,,,,
,,,,,,,,,,,,,,,,,,,,,
,,,,,,,,,,,,,,,,,,,,,
,,,,,,,,,,,,,,,,,,,,,
,,,,,,,,,,,,,,,,,,,,,
,,,,,,,,,,,,,,,,,,,,,
,,,,,,,,,,,,,,,,,,,,,
,,,,,,,,,,,,,,,,,,,,,
,,,,,,,,,,,,,,,,,,,,,
,,,,,,,,,,,,,,,,,,,,,
,,,,,,,,,,,,,,,,,,,,,
,,,,,,,,,,,,,,,,,,,,,
,,,,,,,,,,,,,,,,,,,,,
,,,,,,,,,,,,,,,,,,,,,
,,,,,,,,,,,,,,,,,,,,,
,,,,,,,,,,,,,,,,,,,,,
,,,,,,,,,,,,,,,,,,,,,
,,,,,,,,,,,,,,,,,,,,,
,,,,,,,,,,,,,,,,,,,,,
,,,,,,,,,,,,,,,,,,,,,
,,,,,,,,,,,,,,,,,,,,,
,,,,,,,,,,,,,,,,,,,,,
,,,,,,,,,,,,,,,,,,,,,
,,,,,,,,,,,,,,,,,,,,,
,,,,,,,,,,,,,,,,,,,,,
,,,,,,,,,,,,,,,,,,,,,
,,,,,,,,,,,,,,,,,,,,,
,,,,,,,,,,,,,,,,,,,,,
,,,,,,,,,,,,,,,,,,,,,
,,,,,,,,,,,,,,,,,,,,,
,,,,,,,,,,,,,,,,,,,,,
,,,,,,,,,,,,,,,,,,,,,
,,,,,,,,,,,,,,,,,,,,,
,,,,,,,,,,,,,,,,,,,,,
,,,,,,,,,,,,,,,,,,,,,
,,,,,,,,,,,,,,,,,,,,,
,,,,,,,,,,,,,,,,,,,,,
,,,,,,,,,,,,,,,,,,,,,
,,,,,,,,,,,,,,,,,,,,,
,,,,,,,,,,,,,,,,,,,,,
,,,,,,,,,,,,,,,,,,,,,
,,,,,,,,,,,,,,,,,,,,,
,,,,,,,,,,,,,,,,,,,,,
,,,,,,,,,,,,,,,,,,,,,
,,,,,,,,,,,,,,,,,,,,,
,,,,,,,,,,,,,,,,,,,,,
,,,,,,,,,,,,,,,,,,,,,
,,,,,,,,,,,,,,,,,,,,,
,,,,,,,,,,,,,,,,,,,,,
,,,,,,,,,,,,,,,,,,,,,
,,,,,,,,,,,,,,,,,,,,,
,,,,,,,,,,,,,,,,,,,,,
,,,,,,,,,,,,,,,,,,,,,
,,,,,,,,,,,,,,,,,,,,,
,,,,,,,,,,,,,,,,,,,,,
,,,,,,,,,,,,,,,,,,,,,
,,,,,,,,,,,,,,,,,,,,,
,,,,,,,,,,,,,,,,,,,,,
,,,,,,,,,,,,,,,,,,,,,
,,,,,,,,,,,,,,,,,,,,,
,,,,,,,,,,,,,,,,,,,,,
,,,,,,,,,,,,,,,,,,,,,
,,,,,,,,,,,,,,,,,,,,,
,,,,,,,,,,,,,,,,,,,,,
,,,,,,,,,,,,,,,,,,,,,
,,,,,,,,,,,,,,,,,,,,,
,,,,,,,,,,,,,,,,,,,,,
,,,,,,,,,,,,,,,,,,,,,
,,,,,,,,,,,,,,,,,,,,,
,,,,,,,,,,,,,,,,,,,,,
,,,,,,,,,,,,,,,,,,,,,
,,,,,,,,,,,,,,,,,,,,,
,,,,,,,,,,,,,,,,,,,,,
,,,,,,,,,,,,,,,,,,,,,
,,,,,,,,,,,,,,,,,,,,,
,,,,,,,,,,,,,,,,,,,,,
,,,,,,,,,,,,,,,,,,,,,
,,,,,,,,,,,,,,,,,,,,,
,,,,,,,,,,,,,,,,,,,,,
,,,,,,,,,,,,,,,,,,,,,
,,,,,,,,,,,,,,,,,,,,,
,,,,,,,,,,,,,,,,,,,,,
,,,,,,,,,,,,,,,,,,,,,
,,,,,,,,,,,,,,,,,,,,,
,,,,,,,,,,,,,,,,,,,,,
,,,,,,,,,,,,,,,,,,,,,
,,,,,,,,,,,,,,,,,,,,,
,,,,,,,,,,,,,,,,,,,,,
,,,,,,,,,,,,,,,,,,,,,
,,,,,,,,,,,,,,,,,,,,,
,,,,,,,,,,,,,,,,,,,,,
,,,,,,,,,,,,,,,,,,,,,
,,,,,,,,,,,,,,,,,,,,,
,,,,,,,,,,,,,,,,,,,,,
,,,,,,,,,,,,,,,,,,,,,
,,,,,,,,,,,,,,,,,,,,,
,,,,,,,,,,,,,,,,,,,,,
,,,,,,,,,,,,,,,,,,,,,
,,,,,,,,,,,,,,,,,,,,,
,,,,,,,,,,,,,,,,,,,,,
,,,,,,,,,,,,,,,,,,,,,
,,,,,,,,,,,,,,,,,,,,,
,,,,,,,,,,,,,,,,,,,,,
,,,,,,,,,,,,,,,,,,,,,
,,,,,,,,,,,,,,,,,,,,,
,,,,,,,,,,,,,,,,,,,,,
,,,,,,,,,,,,,,,,,,,,,
,,,,,,,,,,,,,,,,,,,,,
,,,,,,,,,,,,,,,,,,,,,
,,,,,,,,,,,,,,,,,,,,,
,,,,,,,,,,,,,,,,,,,,,
,,,,,,,,,,,,,,,,,,,,,
,,,,,,,,,,,,,,,,,,,,,
,,,,,,,,,,,,,,,,,,,,,
,,,,,,,,,,,,,,,,,,,,,
,,,,,,,,,,,,,,,,,,,,,
,,,,,,,,,,,,,,,,,,,,,
,,,,,,,,,,,,,,,,,,,,,
,,,,,,,,,,,,,,,,,,,,,
,,,,,,,,,,,,,,,,,,,,,
,,,,,,,,,,,,,,,,,,,,,
,,,,,,,,,,,,,,,,,,,,,
,,,,,,,,,,,,,,,,,,,,,
,,,,,,,,,,,,,,,,,,,,,
,,,,,,,,,,,,,,,,,,,,,
,,,,,,,,,,,,,,,,,,,,,
,,,,,,,,,,,,,,,,,,,,,
,,,,,,,,,,,,,,,,,,,,,
,,,,,,,,,,,,,,,,,,,,,
,,,,,,,,,,,,,,,,,,,,,
,,,,,,,,,,,,,,,,,,,,,
,,,,,,,,,,,,,,,,,,,,,
,,,,,,,,,,,,,,,,,,,,,
,,,,,,,,,,,,,,,,,,,,,
,,,,,,,,,,,,,,,,,,,,,
,,,,,,,,,,,,,,,,,,,,,
,,,,,,,,,,,,,,,,,,,,,
,,,,,,,,,,,,,,,,,,,,,
,,,,,,,,,,,,,,,,,,,,,
,,,,,,,,,,,,,,,,,,,,,
,,,,,,,,,,,,,,,,,,,,,
,,,,,,,,,,,,,,,,,,,,,
,,,,,,,,,,,,,,,,,,,,,
,,,,,,,,,,,,,,,,,,,,,
,,,,,,,,,,,,,,,,,,,,,
,,,,,,,,,,,,,,,,,,,,,
,,,,,,,,,,,,,,,,,,,,,
,,,,,,,,,,,,,,,,,,,,,
,,,,,,,,,,,,,,,,,,,,,
,,,,,,,,,,,,,,,,,,,,,
,,,,,,,,,,,,,,,,,,,,,
,,,,,,,,,,,,,,,,,,,,,
,,,,,,,,,,,,,,,,,,,,,
,,,,,,,,,,,,,,,,,,,,,
,,,,,,,,,,,,,,,,,,,,,
,,,,,,,,,,,,,,,,,,,,,
,,,,,,,,,,,,,,,,,,,,,
,,,,,,,,,,,,,,,,,,,,,
,,,,,,,,,,,,,,,,,,,,,
,,,,,,,,,,,,,,,,,,,,,
,,,,,,,,,,,,,,,,,,,,,
,,,,,,,,,,,,,,,,,,,,,
,,,,,,,,,,,,,,,,,,,,,
,,,,,,,,,,,,,,,,,,,,,
,,,,,,,,,,,,,,,,,,,,,
,,,,,,,,,,,,,,,,,,,,,
,,,,,,,,,,,,,,,,,,,,,
,,,,,,,,,,,,,,,,,,,,,
,,,,,,,,,,,,,,,,,,,,,
,,,,,,,,,,,,,,,,,,,,,
,,,,,,,,,,,,,,,,,,,,,
,,,,,,,,,,,,,,,,,,,,,
,,,,,,,,,,,,,,,,,,,,,
,,,,,,,,,,,,,,,,,,,,,
,,,,,,,,,,,,,,,,,,,,,
,,,,,,,,,,,,,,,,,,,,,
,,,,,,,,,,,,,,,,,,,,,
,,,,,,,,,,,,,,,,,,,,,
,,,,,,,,,,,,,,,,,,,,,
,,,,,,,,,,,,,,,,,,,,,
,,,,,,,,,,,,,,,,,,,,,
,,,,,,,,,,,,,,,,,,,,,
,,,,,,,,,,,,,,,,,,,,,
,,,,,,,,,,,,,,,,,,,,,
,,,,,,,,,,,,,,,,,,,,,
,,,,,,,,,,,,,,,,,,,,,
,,,,,,,,,,,,,,,,,,,,,
,,,,,,,,,,,,,,,,,,,,,
,,,,,,,,,,,,,,,,,,,,,
,,,,,,,,,,,,,,,,,,,,,
,,,,,,,,,,,,,,,,,,,,,
,,,,,,,,,,,,,,,,,,,,,
,,,,,,,,,,,,,,,,,,,,,
,,,,,,,,,,,,,,,,,,,,,
,,,,,,,,,,,,,,,,,,,,,
,,,,,,,,,,,,,,,,,,,,,
,,,,,,,,,,,,,,,,,,,,,
,,,,,,,,,,,,,,,,,,,,,
,,,,,,,,,,,,,,,,,,,,,
,,,,,,,,,,,,,,,,,,,,,
,,,,,,,,,,,,,,,,,,,,,
,,,,,,,,,,,,,,,,,,,,,
,,,,,,,,,,,,,,,,,,,,,
,,,,,,,,,,,,,,,,,,,,,
,,,,,,,,,,,,,,,,,,,,,
,,,,,,,,,,,,,,,,,,,,,
,,,,,,,,,,,,,,,,,,,,,
,,,,,,,,,,,,,,,,,,,,,
,,,,,,,,,,,,,,,,,,,,,
,,,,,,,,,,,,,,,,,,,,,
,,,,,,,,,,,,,,,,,,,,,
,,,,,,,,,,,,,,,,,,,,,
,,,,,,,,,,,,,,,,,,,,,
,,,,,,,,,,,,,,,,,,,,,
,,,,,,,,,,,,,,,,,,,,,
,,,,,,,,,,,,,,,,,,,,,
,,,,,,,,,,,,,,,,,,,,,
,,,,,,,,,,,,,,,,,,,,,
,,,,,,,,,,,,,,,,,,,,,
,,,,,,,,,,,,,,,,,,,,,
,,,,,,,,,,,,,,,,,,,,,
,,,,,,,,,,,,,,,,,,,,,
,,,,,,,,,,,,,,,,,,,,,
,,,,,,,,,,,,,,,,,,,,,
,,,,,,,,,,,,,,,,,,,,,
,,,,,,,,,,,,,,,,,,,,,
,,,,,,,,,,,,,,,,,,,,,
,,,,,,,,,,,,,,,,,,,,,
,,,,,,,,,,,,,,,,,,,,,
,,,,,,,,,,,,,,,,,,,,,
,,,,,,,,,,,,,,,,,,,,,
,,,,,,,,,,,,,,,,,,,,,
,,,,,,,,,,,,,,,,,,,,,
,,,,,,,,,,,,,,,,,,,,,
,,,,,,,,,,,,,,,,,,,,,
,,,,,,,,,,,,,,,,,,,,,
,,,,,,,,,,,,,,,,,,,,,
,,,,,,,,,,,,,,,,,,,,,
,,,,,,,,,,,,,,,,,,,,,
,,,,,,,,,,,,,,,,,,,,,
,,,,,,,,,,,,,,,,,,,,,
,,,,,,,,,,,,,,,,,,,,,
,,,,,,,,,,,,,,,,,,,,,
,,,,,,,,,,,,,,,,,,,,,
,,,,,,,,,,,,,,,,,,,,,
,,,,,,,,,,,,,,,,,,,,,
,,,,,,,,,,,,,,,,,,,,,
,,,,,,,,,,,,,,,,,,,,,
,,,,,,,,,,,,,,,,,,,,,
,,,,,,,,,,,,,,,,,,,,,
,,,,,,,,,,,,,,,,,,,,,
,,,,,,,,,,,,,,,,,,,,,
,,,,,,,,,,,,,,,,,,,,,
,,,,,,,,,,,,,,,,,,,,,
,,,,,,,,,,,,,,,,,,,,,
,,,,,,,,,,,,,,,,,,,,,
,,,,,,,,,,,,,,,,,,,,,
,,,,,,,,,,,,,,,,,,,,,
,,,,,,,,,,,,,,,,,,,,,
,,,,,,,,,,,,,,,,,,,,,
,,,,,,,,,,,,,,,,,,,,,
,,,,,,,,,,,,,,,,,,,,,
,,,,,,,,,,,,,,,,,,,,,
,,,,,,,,,,,,,,,,,,,,,
,,,,,,,,,,,,,,,,,,,,,
,,,,,,,,,,,,,,,,,,,,,
,,,,,,,,,,,,,,,,,,,,,
,,,,,,,,,,,,,,,,,,,,,
,,,,,,,,,,,,,,,,,,,,,
,,,,,,,,,,,,,,,,,,,,,
,,,,,,,,,,,,,,,,,,,,,
,,,,,,,,,,,,,,,,,,,,,
,,,,,,,,,,,,,,,,,,,,,
,,,,,,,,,,,,,,,,,,,,,
,,,,,,,,,,,,,,,,,,,,,
,,,,,,,,,,,,,,,,,,,,,
,,,,,,,,,,,,,,,,,,,,,
,,,,,,,,,,,,,,,,,,,,,
,,,,,,,,,,,,,,,,,,,,,
,,,,,,,,,,,,,,,,,,,,,
,,,,,,,,,,,,,,,,,,,,,
,,,,,,,,,,,,,,,,,,,,,
,,,,,,,,,,,,,,,,,,,,,
,,,,,,,,,,,,,,,,,,,,,
,,,,,,,,,,,,,,,,,,,,,
,,,,,,,,,,,,,,,,,,,,,
,,,,,,,,,,,,,,,,,,,,,
,,,,,,,,,,,,,,,,,,,,,
,,,,,,,,,,,,,,,,,,,,,
,,,,,,,,,,,,,,,,,,,,,
,,,,,,,,,,,,,,,,,,,,,
,,,,,,,,,,,,,,,,,,,,,
,,,,,,,,,,,,,,,,,,,,,
,,,,,,,,,,,,,,,,,,,,,
,,,,,,,,,,,,,,,,,,,,,
,,,,,,,,,,,,,,,,,,,,,
,,,,,,,,,,,,,,,,,,,,,
,,,,,,,,,,,,,,,,,,,,,
,,,,,,,,,,,,,,,,,,,,,
,,,,,,,,,,,,,,,,,,,,,
,,,,,,,,,,,,,,,,,,,,,
,,,,,,,,,,,,,,,,,,,,,
,,,,,,,,,,,,,,,,,,,,,
,,,,,,,,,,,,,,,,,,,,,
,,,,,,,,,,,,,,,,,,,,,
,,,,,,,,,,,,,,,,,,,,,
,,,,,,,,,,,,,,,,,,,,,
,,,,,,,,,,,,,,,,,,,,,
,,,,,,,,,,,,,,,,,,,,,
,,,,,,,,,,,,,,,,,,,,,
,,,,,,,,,,,,,,,,,,,,,
,,,,,,,,,,,,,,,,,,,,,
,,,,,,,,,,,,,,,,,,,,,
,,,,,,,,,,,,,,,,,,,,,
,,,,,,,,,,,,,,,,,,,,,
,,,,,,,,,,,,,,,,,,,,,
,,,,,,,,,,,,,,,,,,,,,
,,,,,,,,,,,,,,,,,,,,,
,,,,,,,,,,,,,,,,,,,,,
,,,,,,,,,,,,,,,,,,,,,
,,,,,,,,,,,,,,,,,,,,,
,,,,,,,,,,,,,,,,,,,,,
,,,,,,,,,,,,,,,,,,,,,
,,,,,,,,,,,,,,,,,,,,,
,,,,,,,,,,,,,,,,,,,,,
,,,,,,,,,,,,,,,,,,,,,
,,,,,,,,,,,,,,,,,,,,,
,,,,,,,,,,,,,,,,,,,,,
,,,,,,,,,,,,,,,,,,,,,
,,,,,,,,,,,,,,,,,,,,,
,,,,,,,,,,,,,,,,,,,,,
,,,,,,,,,,,,,,,,,,,,,
,,,,,,,,,,,,,,,,,,,,,
,,,,,,,,,,,,,,,,,,,,,
,,,,,,,,,,,,,,,,,,,,,
,,,,,,,,,,,,,,,,,,,,,
,,,,,,,,,,,,,,,,,,,,,
,,,,,,,,,,,,,,,,,,,,,
,,,,,,,,,,,,,,,,,,,,,
,,,,,,,,,,,,,,,,,,,,,
,,,,,,,,,,,,,,,,,,,,,
,,,,,,,,,,,,,,,,,,,,,
,,,,,,,,,,,,,,,,,,,,,
,,,,,,,,,,,,,,,,,,,,,
,,,,,,,,,,,,,,,,,,,,,
,,,,,,,,,,,,,,,,,,,,,
,,,,,,,,,,,,,,,,,,,,,
,,,,,,,,,,,,,,,,,,,,,
,,,,,,,,,,,,,,,,,,,,,
,,,,,,,,,,,,,,,,,,,,,
,,,,,,,,,,,,,,,,,,,,,
,,,,,,,,,,,,,,,,,,,,,
,,,,,,,,,,,,,,,,,,,,,
,,,,,,,,,,,,,,,,,,,,,
,,,,,,,,,,,,,,,,,,,,,
,,,,,,,,,,,,,,,,,,,,,
,,,,,,,,,,,,,,,,,,,,,
,,,,,,,,,,,,,,,,,,,,,
,,,,,,,,,,,,,,,,,,,,,
,,,,,,,,,,,,,,,,,,,,,
,,,,,,,,,,,,,,,,,,,,,
,,,,,,,,,,,,,,,,,,,,,
,,,,,,,,,,,,,,,,,,,,,
,,,,,,,,,,,,,,,,,,,,,
,,,,,,,,,,,,,,,,,,,,,
,,,,,,,,,,,,,,,,,,,,,
,,,,,,,,,,,,,,,,,,,,,
,,,,,,,,,,,,,,,,,,,,,
,,,,,,,,,,,,,,,,,,,,,
,,,,,,,,,,,,,,,,,,,,,
,,,,,,,,,,,,,,,,,,,,,
,,,,,,,,,,,,,,,,,,,,,
,,,,,,,,,,,,,,,,,,,,,
,,,,,,,,,,,,,,,,,,,,,
,,,,,,,,,,,,,,,,,,,,,
,,,,,,,,,,,,,,,,,,,,,
,,,,,,,,,,,,,,,,,,,,,
,,,,,,,,,,,,,,,,,,,,,
,,,,,,,,,,,,,,,,,,,,,
,,,,,,,,,,,,,,,,,,,,,
,,,,,,,,,,,,,,,,,,,,,
,,,,,,,,,,,,,,,,,,,,,
,,,,,,,,,,,,,,,,,,,,,
,,,,,,,,,,,,,,,,,,,,,
,,,,,,,,,,,,,,,,,,,,,
,,,,,,,,,,,,,,,,,,,,,
,,,,,,,,,,,,,,,,,,,,,
,,,,,,,,,,,,,,,,,,,,,
,,,,,,,,,,,,,,,,,,,,,
,,,,,,,,,,,,,,,,,,,,,
,,,,,,,,,,,,,,,,,,,,,
,,,,,,,,,,,,,,,,,,,,,
,,,,,,,,,,,,,,,,,,,,,
,,,,,,,,,,,,,,,,,,,,,
,,,,,,,,,,,,,,,,,,,,,
,,,,,,,,,,,,,,,,,,,,,
,,,,,,,,,,,,,,,,,,,,,
,,,,,,,,,,,,,,,,,,,,,
,,,,,,,,,,,,,,,,,,,,,
,,,,,,,,,,,,,,,,,,,,,
,,,,,,,,,,,,,,,,,,,,,
,,,,,,,,,,,,,,,,,,,,,
,,,,,,,,,,,,,,,,,,,,,
,,,,,,,,,,,,,,,,,,,,,
,,,,,,,,,,,,,,,,,,,,,
,,,,,,,,,,,,,,,,,,,,,
,,,,,,,,,,,,,,,,,,,,,
,,,,,,,,,,,,,,,,,,,,,
,,,,,,,,,,,,,,,,,,,,,
,,,,,,,,,,,,,,,,,,,,,
,,,,,,,,,,,,,,,,,,,,,
,,,,,,,,,,,,,,,,,,,,,
,,,,,,,,,,,,,,,,,,,,,
,,,,,,,,,,,,,,,,,,,,,
,,,,,,,,,,,,,,,,,,,,,
,,,,,,,,,,,,,,,,,,,,,
,,,,,,,,,,,,,,,,,,,,,
,,,,,,,,,,,,,,,,,,,,,
,,,,,,,,,,,,,,,,,,,,,
,,,,,,,,,,,,,,,,,,,,,
,,,,,,,,,,,,,,,,,,,,,
,,,,,,,,,,,,,,,,,,,,,
,,,,,,,,,,,,,,,,,,,,,
,,,,,,,,,,,,,,,,,,,,,
,,,,,,,,,,,,,,,,,,,,,
,,,,,,,,,,,,,,,,,,,,,
,,,,,,,,,,,,,,,,,,,,,
,,,,,,,,,,,,,,,,,,,,,
,,,,,,,,,,,,,,,,,,,,,
,,,,,,,,,,,,,,,,,,,,,
,,,,,,,,,,,,,,,,,,,,,
,,,,,,,,,,,,,,,,,,,,,
,,,,,,,,,,,,,,,,,,,,,
,,,,,,,,,,,,,,,,,,,,,
,,,,,,,,,,,,,,,,,,,,,
,,,,,,,,,,,,,,,,,,,,,
,,,,,,,,,,,,,,,,,,,,,
,,,,,,,,,,,,,,,,,,,,,
,,,,,,,,,,,,,,,,,,,,,
,,,,,,,,,,,,,,,,,,,,,
,,,,,,,,,,,,,,,,,,,,,
,,,,,,,,,,,,,,,,,,,,,
,,,,,,,,,,,,,,,,,,,,,
,,,,,,,,,,,,,,,,,,,,,
,,,,,,,,,,,,,,,,,,,,,
,,,,,,,,,,,,,,,,,,,,,
,,,,,,,,,,,,,,,,,,,,,
,,,,,,,,,,,,,,,,,,,,,
,,,,,,,,,,,,,,,,,,,,,
,,,,,,,,,,,,,,,,,,,,,
,,,,,,,,,,,,,,,,,,,,,
,,,,,,,,,,,,,,,,,,,,,
,,,,,,,,,,,,,,,,,,,,,
,,,,,,,,,,,,,,,,,,,,,
,,,,,,,,,,,,,,,,,,,,,
,,,,,,,,,,,,,,,,,,,,,
,,,,,,,,,,,,,,,,,,,,,
,,,,,,,,,,,,,,,,,,,,,
,,,,,,,,,,,,,,,,,,,,,
,,,,,,,,,,,,,,,,,,,,,
,,,,,,,,,,,,,,,,,,,,,
,,,,,,,,,,,,,,,,,,,,,
,,,,,,,,,,,,,,,,,,,,,
,,,,,,,,,,,,,,,,,,,,,
,,,,,,,,,,,,,,,,,,,,,
,,,,,,,,,,,,,,,,,,,,,
,,,,,,,,,,,,,,,,,,,,,
,,,,,,,,,,,,,,,,,,,,,
,,,,,,,,,,,,,,,,,,,,,
,,,,,,,,,,,,,,,,,,,,,
,,,,,,,,,,,,,,,,,,,,,
,,,,,,,,,,,,,,,,,,,,,
,,,,,,,,,,,,,,,,,,,,,
,,,,,,,,,,,,,,,,,,,,,
,,,,,,,,,,,,,,,,,,,,,
,,,,,,,,,,,,,,,,,,,,,
,,,,,,,,,,,,,,,,,,,,,
,,,,,,,,,,,,,,,,,,,,,
,,,,,,,,,,,,,,,,,,,,,
,,,,,,,,,,,,,,,,,,,,,
,,,,,,,,,,,,,,,,,,,,,
,,,,,,,,,,,,,,,,,,,,,
,,,,,,,,,,,,,,,,,,,,,
,,,,,,,,,,,,,,,,,,,,,
,,,,,,,,,,,,,,,,,,,,,
,,,,,,,,,,,,,,,,,,,,,
,,,,,,,,,,,,,,,,,,,,,
,,,,,,,,,,,,,,,,,,,,,
,,,,,,,,,,,,,,,,,,,,,
,,,,,,,,,,,,,,,,,,,,,
,,,,,,,,,,,,,,,,,,,,,
,,,,,,,,,,,,,,,,,,,,,
,,,,,,,,,,,,,,,,,,,,,
,,,,,,,,,,,,,,,,,,,,,
,,,,,,,,,,,,,,,,,,,,,
,,,,,,,,,,,,,,,,,,,,,
,,,,,,,,,,,,,,,,,,,,,
,,,,,,,,,,,,,,,,,,,,,
,,,,,,,,,,,,,,,,,,,,,
,,,,,,,,,,,,,,,,,,,,,
,,,,,,,,,,,,,,,,,,,,,
,,,,,,,,,,,,,,,,,,,,,
,,,,,,,,,,,,,,,,,,,,,
,,,,,,,,,,,,,,,,,,,,,
,,,,,,,,,,,,,,,,,,,,,
,,,,,,,,,,,,,,,,,,,,,
,,,,,,,,,,,,,,,,,,,,,
,,,,,,,,,,,,,,,,,,,,,
,,,,,,,,,,,,,,,,,,,,,
,,,,,,,,,,,,,,,,,,,,,
,,,,,,,,,,,,,,,,,,,,,
,,,,,,,,,,,,,,,,,,,,,
,,,,,,,,,,,,,,,,,,,,,
,,,,,,,,,,,,,,,,,,,,,
,,,,,,,,,,,,,,,,,,,,,
,,,,,,,,,,,,,,,,,,,,,
,,,,,,,,,,,,,,,,,,,,,
,,,,,,,,,,,,,,,,,,,,,
,,,,,,,,,,,,,,,,,,,,,
,,,,,,,,,,,,,,,,,,,,,
,,,,,,,,,,,,,,,,,,,,,
,,,,,,,,,,,,,,,,,,,,,
,,,,,,,,,,,,,,,,,,,,,
,,,,,,,,,,,,,,,,,,,,,
,,,,,,,,,,,,,,,,,,,,,
,,,,,,,,,,,,,,,,,,,,,
,,,,,,,,,,,,,,,,,,,,,
,,,,,,,,,,,,,,,,,,,,,
,,,,,,,,,,,,,,,,,,,,,
,,,,,,,,,,,,,,,,,,,,,
,,,,,,,,,,,,,,,,,,,,,
,,,,,,,,,,,,,,,,,,,,,
,,,,,,,,,,,,,,,,,,,,,
,,,,,,,,,,,,,,,,,,,,,
,,,,,,,,,,,,,,,,,,,,,
,,,,,,,,,,,,,,,,,,,,,
,,,,,,,,,,,,,,,,,,,,,
,,,,,,,,,,,,,,,,,,,,,
,,,,,,,,,,,,,,,,,,,,,
,,,,,,,,,,,,,,,,,,,,,
,,,,,,,,,,,,,,,,,,,,,
,,,,,,,,,,,,,,,,,,,,,
,,,,,,,,,,,,,,,,,,,,,
,,,,,,,,,,,,,,,,,,,,,
,,,,,,,,,,,,,,,,,,,,,
,,,,,,,,,,,,,,,,,,,,,
,,,,,,,,,,,,,,,,,,,,,
,,,,,,,,,,,,,,,,,,,,,
,,,,,,,,,,,,,,,,,,,,,
,,,,,,,,,,,,,,,,,,,,,
,,,,,,,,,,,,,,,,,,,,,
,,,,,,,,,,,,,,,,,,,,,
,,,,,,,,,,,,,,,,,,,,,
,,,,,,,,,,,,,,,,,,,,,
,,,,,,,,,,,,,,,,,,,,,
,,,,,,,,,,,,,,,,,,,,,
,,,,,,,,,,,,,,,,,,,,,
,,,,,,,,,,,,,,,,,,,,,
,,,,,,,,,,,,,,,,,,,,,
,,,,,,,,,,,,,,,,,,,,,
,,,,,,,,,,,,,,,,,,,,,
,,,,,,,,,,,,,,,,,,,,,
,,,,,,,,,,,,,,,,,,,,,
,,,,,,,,,,,,,,,,,,,,,
,,,,,,,,,,,,,,,,,,,,,
,,,,,,,,,,,,,,,,,,,,,
,,,,,,,,,,,,,,,,,,,,,
,,,,,,,,,,,,,,,,,,,,,
,,,,,,,,,,,,,,,,,,,,,
,,,,,,,,,,,,,,,,,,,,,
,,,,,,,,,,,,,,,,,,,,,
,,,,,,,,,,,,,,,,,,,,,
,,,,,,,,,,,,,,,,,,,,,
,,,,,,,,,,,,,,,,,,,,,
,,,,,,,,,,,,,,,,,,,,,
,,,,,,,,,,,,,,,,,,,,,
,,,,,,,,,,,,,,,,,,,,,
,,,,,,,,,,,,,,,,,,,,,
,,,,,,,,,,,,,,,,,,,,,
,,,,,,,,,,,,,,,,,,,,,
,,,,,,,,,,,,,,,,,,,,,
,,,,,,,,,,,,,,,,,,,,,
,,,,,,,,,,,,,,,,,,,,,
,,,,,,,,,,,,,,,,,,,,,
,,,,,,,,,,,,,,,,,,,,,
,,,,,,,,,,,,,,,,,,,,,
,,,,,,,,,,,,,,,,,,,,,
,,,,,,,,,,,,,,,,,,,,,
,,,,,,,,,,,,,,,,,,,,,
,,,,,,,,,,,,,,,,,,,,,
,,,,,,,,,,,,,,,,,,,,,
,,,,,,,,,,,,,,,,,,,,,
,,,,,,,,,,,,,,,,,,,,,
,,,,,,,,,,,,,,,,,,,,,
,,,,,,,,,,,,,,,,,,,,,
,,,,,,,,,,,,,,,,,,,,,
,,,,,,,,,,,,,,,,,,,,,
,,,,,,,,,,,,,,,,,,,,,
,,,,,,,,,,,,,,,,,,,,,
,,,,,,,,,,,,,,,,,,,,,
,,,,,,,,,,,,,,,,,,,,,
,,,,,,,,,,,,,,,,,,,,,
,,,,,,,,,,,,,,,,,,,,,
,,,,,,,,,,,,,,,,,,,,,
,,,,,,,,,,,,,,,,,,,,,
,,,,,,,,,,,,,,,,,,,,,
,,,,,,,,,,,,,,,,,,,,,
,,,,,,,,,,,,,,,,,,,,,
,,,,,,,,,,,,,,,,,,,,,
,,,,,,,,,,,,,,,,,,,,,
,,,,,,,,,,,,,,,,,,,,,
,,,,,,,,,,,,,,,,,,,,,
,,,,,,,,,,,,,,,,,,,,,
,,,,,,,,,,,,,,,,,,,,,
,,,,,,,,,,,,,,,,,,,,,
,,,,,,,,,,,,,,,,,,,,,
,,,,,,,,,,,,,,,,,,,,,
,,,,,,,,,,,,,,,,,,,,,
,,,,,,,,,,,,,,,,,,,,,
,,,,,,,,,,,,,,,,,,,,,
,,,,,,,,,,,,,,,,,,,,,
,,,,,,,,,,,,,,,,,,,,,
,,,,,,,,,,,,,,,,,,,,,
,,,,,,,,,,,,,,,,,,,,,
,,,,,,,,,,,,,,,,,,,,,
,,,,,,,,,,,,,,,,,,,,,
,,,,,,,,,,,,,,,,,,,,,
,,,,,,,,,,,,,,,,,,,,,
,,,,,,,,,,,,,,,,,,,,,
,,,,,,,,,,,,,,,,,,,,,
,,,,,,,,,,,,,,,,,,,,,
,,,,,,,,,,,,,,,,,,,,,
,,,,,,,,,,,,,,,,,,,,,
,,,,,,,,,,,,,,,,,,,,,
,,,,,,,,,,,,,,,,,,,,,
,,,,,,,,,,,,,,,,,,,,,
,,,,,,,,,,,,,,,,,,,,,
,,,,,,,,,,,,,,,,,,,,,
,,,,,,,,,,,,,,,,,,,,,
,,,,,,,,,,,,,,,,,,,,,
,,,,,,,,,,,,,,,,,,,,,
,,,,,,,,,,,,,,,,,,,,,
,,,,,,,,,,,,,,,,,,,,,
,,,,,,,,,,,,,,,,,,,,,
,,,,,,,,,,,,,,,,,,,,,
,,,,,,,,,,,,,,,,,,,,,
,,,,,,,,,,,,,,,,,,,,,
,,,,,,,,,,,,,,,,,,,,,
,,,,,,,,,,,,,,,,,,,,,
,,,,,,,,,,,,,,,,,,,,,
,,,,,,,,,,,,,,,,,,,,,
,,,,,,,,,,,,,,,,,,,,,
,,,,,,,,,,,,,,,,,,,,,
,,,,,,,,,,,,,,,,,,,,,
,,,,,,,,,,,,,,,,,,,,,
,,,,,,,,,,,,,,,,,,,,,
,,,,,,,,,,,,,,,,,,,,,
,,,,,,,,,,,,,,,,,,,,,
,,,,,,,,,,,,,,,,,,,,,
,,,,,,,,,,,,,,,,,,,,,
,,,,,,,,,,,,,,,,,,,,,
,,,,,,,,,,,,,,,,,,,,,
,,,,,,,,,,,,,,,,,,,,,
,,,,,,,,,,,,,,,,,,,,,
,,,,,,,,,,,,,,,,,,,,,
,,,,,,,,,,,,,,,,,,,,,
,,,,,,,,,,,,,,,,,,,,,
,,,,,,,,,,,,,,,,,,,,,
,,,,,,,,,,,,,,,,,,,,,
,,,,,,,,,,,,,,,,,,,,,
,,,,,,,,,,,,,,,,,,,,,
,,,,,,,,,,,,,,,,,,,,,
,,,,,,,,,,,,,,,,,,,,,
,,,,,,,,,,,,,,,,,,,,,
1,2,0,2,43,50.5,70,20,16.5,48,234,237,246,42,42,76,25,22,34,2,,
1,2,0,2,43,50.5,70,20,16.5,48,186,187,192,39,38,76,25,22,34,2,,
4,2,0,2,41,53,53,24,27,51,23,34,45,-1,-1,-1,-1,-1,-1,5,,
4,2,0,2,41,53,53,24,27,51,77,84,66,-1,-1,-1,-1,-1,-1,5,,
4,2,0,2,41,53,53,24,27,51,175,163,130,-1,-1,-1,-1,-1,-1,5,,
4,2,0,2,38,53,32,25,30,51,136,136,75,141,127,78,59,68,31,6,,
1,2,0,2,43,50.5,70,20,16.5,48,243,243,243,-1,-1,-1,-1,-1,-1,5,,
1,2,0,2,43,50.5,70,20,16.5,48,45,64,49,-1,-1,-1,-1,-1,-1,5,,
4,2,0,2,41,53,32,23,33,55,76,106,144,114,136,160,-1,-1,-1,5,,
1,2,0,2,43,50.5,70,20,16.5,48,162,161,166,57,57,65,-1,-1,-1,2,,
1,2,0,2,43,50.5,70,20,16.5,48,43,64,95,204,53,62,-1,-1,-1,2,,
4,2,0,2,36,52,30,23,32,51,11,12,14,255,255,255,-1,-1,-1,2,,
4,2,0,2,36,53,*,23,30,52,58,70,42,-1,-1,-1,-1,-1,-1,5,,
1,2,0,2,44.5,50.5,71,71,17.5,49.5,33,33,35,-1,-1,-1,-1,-1,-1,5,,
1,2,0,2,44.5,50.5,71,21.5,17.5,49.5,15,15,15,248,248,255,208,28,37,2,,
1,2,0,2,44.5,50.5,71,21.5,17.5,49.5,173,174,175,248,248,255,208,28,37,2,,
4,2,0,2,36,52,32,25,28,51,23,29,48,-1,-1,-1,-1,-1,-1,5,,
4,2,0,2,36,52,32,25,28,51,176,148,103,-1,-1,-1,-1,-1,-1,5,,
1,2,0,2,44.5,50.5,71,21.5,17.5,49.5,218,219,223,214,44,53,-1,-1,-1,2,,
1,2,0,2,44.5,50.5,71,21.5,17.5,49.5,46,49,74,214,44,53,-1,-1,-1,2,,
4,2,0,2,41,51,30,23,28,52,147,165,173,178,180,165,-1,-1,-1,2,,
1,2,0,2,44.5,50.5,71,21.5,17.5,49.5,11,11,11,178,183,189,-1,-1,-1,2,,
1,2,0,2,44.5,50.5,71,21.5,17.5,49.5,23,25,44,208,212,215,-1,-1,-1,2,,
1,2,0,1,46.5,52,73.5,22,19,51.5,237,237,245,223,40,50,-1,-1,-1,2,,
4,2,0,2,41,52,32,27,30,53,26,36,55,-1,-1,-1,-1,-1,-1,5,,
1,2,0,2,44.5,50.5,71,21.5,17.5,49.5,27,34,49,125,212,245,-1,-1,-1,2,,
4,2,0,2,36,53,30,24,28,50,74,102,81,-1,-1,-1,-1,-1,-1,5,,
1,2,0,2,44.5,50.5,71,21.5,17.5,49.5,152,152,154,9,9,7,66,148,142,2,,
1,2,0,2,44.5,50.5,71,21.5,17.5,49.5,12,24,53,9,9,7,239,92,59,2,,
4,2,0,2,41,55,30,25,28,52,38,44,26,170,24,31,-1,-1,-1,2,,
4,2,0,2,41,52,32,27,30,53,148,99,39,-1,-1,-1,-1,-1,-1,5,,
1,2,0,2,44.5,50.5,71,21.5,17.5,49.5,227,230,239,31,31,33,-1,-1,-1,2,,
1,2,0,2,44.5,50.5,71,21.5,17.5,49.5,235,236,240,186,60,69,52,62,105,2,,
1,2,0,2,44.5,50.5,71,21.5,17.5,49.5,171,171,173,12,12,12,246,246,248,2,,
1,2,0,2,44.5,50.5,71,21.5,17.5,49.5,229,184,48,12,12,12,246,246,248,2,,
1,2,0,2,44.5,50.5,71,21.5,17.5,49.5,240,240,248,35,99,84,-1,-1,-1,2,,
1,2,0,2,44.5,50.5,71,21.5,17.5,49.5,13,13,15,250,251,251,-1,-1,-1,2,,
4,2,0,2,41,56,32,25,27,52,35,41,59,-1,-1,-1,-1,-1,-1,5,,
1,2,0,2,44.5,50.5,71,21.5,17.5,49.5,18,18,18,215,38,42,255,255,255,2,,
1,2,0,2,44.5,50.5,71,21.5,17.5,49.5,29,55,37,249,245,242,-1,-1,-1,2,,
4,2,0,2,41,56,32,27,30,53,166,146,116,27,11,7,-1,-1,-1,3,,
4,2,0,2,37,52,32,28,32,52,98,98,98,245,245,245,-1,-1,-1,5,,
1,2,0,2,44.5,50.5,71,21.5,17.5,49.5,118,119,124,246,244,249,15,18,23,2,,
1,2,0,2,44.5,50.5,71,21.5,17.5,49.5,188,41,45,255,255,255,5,5,5,2,,
4,2,0,2,41,56,32,27,30,53,23,23,23,243,243,241,-1,-1,-1,3,,
1,2,0,2,44.5,50.5,71,21.5,17.5,49.5,143,143,145,43,44,46,-1,-1,-1,2,,
1,2,0,2,44.5,50.5,71,21.5,17.5,49.5,19,21,33,235,235,238,-1,-1,-1,2,,
1,2,0,2,44.5,50.5,71,21.5,17.5,49.5,235,235,238,115,115,115,-1,-1,-1,2,,
1,2,0,2,44.5,50.5,71,21.5,17.5,49.5,12,12,12,182,182,182,-1,-1,-1,2,,
1,2,0,2,44.5,50.5,71,21.5,17.5,49.5,234,236,249,165,171,181,-1,-1,-1,2,,
1,2,0,2,44.5,50.5,71,21.5,17.5,49.5,207,211,215,26,26,27,-1,-1,-1,2,,
1,2,0,2,44.5,50.5,71,21.5,17.5,49.5,172,38,43,236,235,240,54,32,32,2,,
1,2,0,2,44.5,50.5,71,21.5,17.5,49.5,27,32,46,255,255,255,164,247,245,2,,
4,2,0,2,41,53,32,24,29,53,38,46,61,-1,-1,-1,-1,-1,-1,5,,
1,2,0,2,44.5,50.5,71,21.5,17.5,49.5,33,40,53,254,255,255,162,246,244,2,,
1,2,0,2,44.5,50.5,71,21.5,17.5,49.5,166,35,39,255,255,255,60,56,62,2,,
1,2,0,2,44.5,50.5,71,21.5,17.5,49.5,13,13,15,235,235,240,-1,-1,-1,2,,
1,2,0,2,44.5,50.5,71,21.5,17.5,49.5,237,179,43,23,19,17,-1,-1,-1,2,,
4,2,0,2,41,55,32,25,30,53,30,30,30,-1,-1,-1,-1,-1,-1,5,,
1,2,0,2,44.5,50.5,71,21.5,17.5,49.5,34,56,52,61,65,147,229,54,55,2,,
1,2,0,2,44.5,50.5,71,21.5,17.5,49.5,232,234,247,57,56,122,200,51,57,2,,
4,2,0,2,41,55,32,25,30,53,150,125,86,-1,-1,-1,-1,-1,-1,5,,
1,2,0,1,44.5,50.5,71,21.5,17.5,49.5,199,37,60,29,32,148,76,35,93,6,,
1,2,0,1,44.5,50.5,71,21.5,17.5,49.5,103,170,217,26,32,68,-1,-1,-1,6,,
1,2,0,2,44.5,50.5,71,21.5,17.5,49.5,29,29,32,230,240,213,216,69,77,2,,
1,2,0,2,44.5,50.5,71,21.5,17.5,49.5,47,68,106,230,240,213,216,69,77,2,,
1,2,0,2,44.5,50.5,71,21.5,17.5,49.5,255,255,255,120,127,140,40,40,43,2,,
1,2,0,2,44.5,50.5,71,21.5,17.5,49.5,37,38,42,161,226,238,107,137,210,2,,
4,2,0,2,39,55,32,23,28,53,49,55,57,240,240,242,-1,-1,-1,2,,
1,2,0,2,44.5,50.5,71,21.5,17.5,49.5,24,54,138,239,240,245,248,194,54,1,,
1,2,0,2,44.5,50.5,71,21.5,17.5,49.5,250,250,252,20,22,37,139,55,65,1,,
1,2,0,2,44.5,50.5,71,21.5,17.5,49.5,223,225,234,84,153,207,56,55,64,2,,
1,2,0,2,44.5,50.5,71,21.5,17.5,49.5,50,48,88,228,60,64,245,246,248,2,,
1,2,0,2,44.5,50.5,71,21.5,17.5,49.5,22,22,22,206,58,59,242,242,244,2,,
1,2,0,2,44.5,50.5,71,21.5,17.5,49.5,113,113,111,55,72,161,238,237,242,2,,
1,2,0,2,44.5,50.5,71,21.5,17.5,49.5,238,237,242,51,51,51,-1,-1,-1,2,,
1,2,0,2,44.5,50.5,71,21.5,17.5,49.5,24,24,24,239,45,46,-1,-1,-1,2,,
4,2,0,2,41,55,32,25,27,55,227,216,202,-1,-1,-1,-1,-1,-1,5,,
1,2,0,2,42,49,70,20.5,16,47,242,242,250,153,153,155,-1,-1,-1,2,,
1,2,0,2,42,49,70,20.5,16,47,7,7,9,204,166,80,-1,-1,-1,2,,
4,2,0,2,41,55,32,25,27,55,59,62,74,-1,-1,-1,-1,-1,-1,5,,
1,2,0,2,44.5,50.5,71,21.5,17.5,49.5,170,169,174,126,207,191,24,25,27,2,,
1,2,0,2,44.5,50.5,71,21.5,17.5,49.5,44,56,73,245,131,191,245,246,250,2,,
1,2,0,2,42,49,70,20.5,16,47,48,54,80,234,234,238,242,197,114,2,,
1,2,0,2,42,49,70,20.5,16,47,149,150,154,19,19,39,236,235,240,2,,
4,2,0,2,39,48,29,23,27,53,44,53,69,-1,-1,-1,-1,-1,-1,5,,
1,2,0,2,42,49,70,20.5,16,47,25,27,44,65,192,154,-1,-1,-1,2,,
1,2,0,2,42,49,70,20.5,16,47,213,40,95,234,205,26,-1,-1,-1,2,,
1,2,0,2,42,49,70,20.5,16,47,232,235,244,-1,-1,-1,-1,-1,-1,5,,
1,2,0,2,42,49,70,20.5,16,47,24,27,39,-1,-1,-1,-1,-1,-1,5,,
1,2,0,2,42,49,70,20.5,16,47,208,208,210,29,29,41,-1,-1,-1,2,,
1,2,0,2,42,49,70,20.5,16,47,32,39,52,206,157,34,-1,-1,-1,2,,
4,2,0,2,39,53,30,23,25,48,40,49,77,-1,-1,-1,-1,-1,-1,5,,
4,2,0,2,39,53,30,23,25,48,102,120,168,-1,-1,-1,-1,-1,-1,5,,
1,2,0,2,42,49,70,20.5,16,47,107,38,30,18,42,69,230,233,238,1,,
4,2,0,2,41,50,29,24,27,51,35,57,119,20,19,24,-1,-1,-1,6,,
1,2,0,2,43,53,71,23,17,51,32,45,80,-1,-1,-1,-1,-1,-1,5,,
4,2,0,2,38,50,29,16,28,99,187,165,117,-1,-1,-1,-1,-1,-1,5,,
1,2,0,2,42,49,70,20.5,16,47,27,26,64,255,254,239,242,58,93,2,,
1,2,3,2,43,51,72,23,16.5,50,231,231,241,-1,-1,-1,-1,-1,-1,5,,
1,2,0,1,42,49,70,20.5,16,47,12,14,26,252,252,252,-1,-1,-1,2,,
4,2,0,2,39,51,30,15,25,102,95,118,149,-1,-1,-1,-1,-1,-1,5,,
1,2,3,2,43,51,72,23,17,50,39,62,83,209,215,221,-1,-1,-1,4,,
1,2,0,2,42,49,70,20.5,16,47,16,15,20,249,249,251,-1,-1,-1,2,,
1,2,0,2,42,49,70,20.5,16,47,226,229,234,27,38,57,-1,-1,-1,2,,
4,2,0,2,41,53,32,23,28,55,122,133,154,-1,-1,-1,-1,-1,-1,5,,
4,2,0,2,39,51,29,24,28,55,43,58,80,50,48,56,171,25,32,2,,
1,2,0,2,42,49,70,20.5,16,47,211,211,208,29,29,27,-1,-1,-1,2,,
1,2,0,1,42,49,70,20.5,16,47,127,126,131,223,222,227,173,23,56,2,,
1,2,0,1,42,49,70,20.5,16,47,55,67,80,146,154,163,251,251,252,6,,
4,2,0,2,38,53,29,23,27,48,98,125,162,-1,-1,-1,-1,-1,-1,5,,
1,2,0,1,*,50,72,33,16,47,171,170,173,-1,-1,-1,-1,-1,-1,5,,
1,2,0,1,*,50,72,33,16,47,63,111,173,-1,-1,-1,-1,-1,-1,5,,
4,2,0,2,41,50,29,24,27,51,85,82,75,27,27,26,-1,-1,-1,6,,
4,2,0,2,39,53,34,23,27,52,41,69,94,120,152,177,-1,-1,-1,6,,
1,2,0,2,42,49,70,20.5,16,47,214,47,70,253,254,253,-1,-1,-1,2,,
1,2,0,1,42,49,70,20.5,16,47,253,254,253,60,91,115,-1,-1,-1,2,,
4,2,0,2,39,51,30,23,27,52,45,57,83,145,184,211,-1,-1,-1,3,,
1,2,0,1,43,50.5,70,19.5,16,47,243,244,251,32,31,36,-1,-1,-1,2,,
1,2,0,1,43,50.5,70,19.5,16,47,239,242,250,233,146,91,173,187,233,2,,
1,2,0,1,43,50.5,70,19.5,16,47,134,44,79,195,196,196,-1,-1,-1,2,,
1,2,0,1,43,50.5,70,19.5,16,47,37,34,40,249,249,251,228,185,122,2,,
1,2,0,1,44.5,50.5,71,21.5,17.5,49.5,237,239,243,224,191,64,29,27,29,2,,
4,2,0,2,37,52,50,23,32,51,10,10,12,254,254,254,-1,-1,-1,6,,
1,2,0,2,43,50.5,70,20,16.5,48,255,255,255,41,50,68,-1,-1,-1,2,,
1,2,0,2,43,50.5,70,20,16.5,48,219,163,48,46,43,42,-1,-1,-1,2,,
1,2,0,2,43,50.5,70,20,16.5,48,20,24,44,241,242,245,-1,-1,-1,2,,
4,2,0,2,41,55,32,24,27,53,49,65,108,109,120,137,-1,-1,-1,5,,
4,2,0,2,38,53,30,24,30,51,22,32,46,-1,-1,-1,-1,-1,-1,5,,
4,2,0,2,39,52,30,18,29,89,125,126,130,-1,-1,-1,-1,-1,-1,5,,
1,2,0,2,43,50.5,70,20,16.5,48,156,155,161,229,230,235,-1,-1,-1,1,,
1,2,0,2,43,50.5,70,20,16.5,48,23,29,42,230,237,242,-1,-1,-1,1,,
4,2,0,2,38,52,30,11,27,97,24,24,24,-1,-1,-1,-1,-1,-1,5,,
4,2,0,2,38,52,30,11,27,97,144,124,94,-1,-1,-1,-1,-1,-1,5,,
1,2,0,2,43,53,70,23,17,44,130,134,138,-1,-1,-1,-1,-1,-1,5,,
1,2,0,2,43,53,70,23,17,44,34,34,36,-1,-1,-1,-1,-1,-1,5,,
4,2,0,2,38,52,30,11,27,97,57,61,41,-1,-1,-1,-1,-1,-1,5,,
1,2,0,2,43,50.5,70,20,16.5,48,14,14,16,249,249,250,-1,-1,-1,1,,
4,2,0,2,38,53,32,24,30,51,175,156,119,-1,-1,-1,-1,-1,-1,5,,
1,2,0,2,43,50.5,70,20,16.5,48,223,236,248,225,190,61,10,10,22,5,,
1,2,0,2,43,50.5,70,20,16.5,48,223,236,248,26,27,50,27,41,64,5,,
4,2,0,2,39,52,30,18,29,89,19,19,21,-1,-1,-1,-1,-1,-1,5,,
1,2,0,2,44.5,50.5,71,21.5,17.5,49.5,33,41,58,255,255,255,110,185,220,2,,
4,2,0,2,36,52,29,10,28,96.5,105,105,107,-1,-1,-1,-1,-1,-1,5,,
1,2,0,2,44.5,50.5,71,21.5,17.5,49.5,248,248,248,53,53,53,-1,-1,-1,2,,
1,2,0,2,44.5,50.5,71,21.5,17.5,49.5,14,14,14,253,253,253,-1,-1,-1,2,,
1,2,0,2,44.5,50.5,71,21.5,17.5,49.5,26,31,47,246,211,104,152,195,159,2,,
1,2,0,2,43,50.5,70,19.5,16,47,229,73,77,-1,-1,-1,-1,-1,-1,5,,
1,2,0,2,43,50.5,70,19.5,16,47,31,31,31,-1,-1,-1,-1,-1,-1,5,,
1,2,0,2,43,50.5,70,19.5,16,47,208,208,208,-1,-1,-1,-1,-1,-1,5,,
4,2,0,2,41,51,29,15,27,102,203,193,135,-1,-1,-1,-1,-1,-1,5,,
4,2,0,2,41,51,29,15,27,102,101,150,85,-1,-1,-1,-1,-1,-1,5,,
1,2,0,2,43,50.5,70,19.5,16,47,238,238,238,-1,-1,-1,-1,-1,-1,5,,
1,2,0,2,43,50.5,70,19.5,16,47,77,177,156,-1,-1,-1,-1,-1,-1,5,,
1,2,0,2,43,50.5,70,19.5,16,47,63,73,170,-1,-1,-1,-1,-1,-1,5,,
4,2,0,2,38,53,32,25,29,47,123,124,129,-1,-1,-1,-1,-1,-1,5,,
1,2,0,1,43,50.5,70,19.5,16,47,7,10,19,237,237,237,-1,-1,-1,1,,
1,2,0,1,43,50.5,70,19.5,16,47,62,96,175,231,234,246,-1,-1,-1,1,,
1,2,0,1,43,50.5,70,19.5,16,47,44,137,126,221,234,235,-1,-1,-1,1,,
4,2,0,2,41,51,30,24,27,51,195,177,131,-1,-1,-1,-1,-1,-1,5,,
4,2,0,2,41,51,30,24,27,51,181,63,55,-1,-1,-1,-1,-1,-1,5,,
4,2,0,2,41,49.5,28,15,25,102,92,112,138,196,206,225,-1,-1,-1,5,,
1,2,0,1,43,50.5,70,20,16.5,48,241,201,98,-1,-1,-1,-1,-1,-1,5,,
1,2,0,1,43,50.5,70,20,16.5,48,162,166,165,-1,-1,-1,-1,-1,-1,5,,
1,2,0,1,43,50.5,70,20,16.5,48,238,239,238,-1,-1,-1,-1,-1,-1,5,,
1,2,0,1,43,50.5,70,20,16.5,48,34,53,36,-1,-1,-1,-1,-1,-1,5,,
1,2,0,1,43,50.5,70,20,16.5,48,29,32,44,-1,-1,-1,-1,-1,-1,5,,
1,2,0,1,43,50,68,59,16.5,49,160,33,47,30,36,56,236,236,248,4,,
1,2,0,2,47,56,71,23.5,19,53,95,221,207,17,30,33,-1,-1,-1,5,,
1,2,0,2,47,56,71,23.5,19,53,26,26,28,252,251,254,-1,-1,-1,5,,
4,2,0,2,40,56,30,23,27,51,36,36,36,-1,-1,-1,-1,-1,-1,5,,
4,2,0,2,40,56,30,23,27,51,195,177,124,-1,-1,-1,-1,-1,-1,5,,
1,2,0,2,44.5,50.5,71,21.5,17.5,49.5,35,42,95,250,250,251,234,149,29,2,,
1,2,0,2,44.5,50.5,71,21.5,17.5,49.5,147,148,153,246,246,247,82,188,181,2,,
1,2,0,2,43,50.5,70,20,16.5,48,239,204,39,48,58,74,-1,-1,-1,2,,
1,2,0,2,43,50.5,70,20,16.5,48,53,54,56,248,247,244,-1,-1,-1,2,,
1,2,0,2,43,50.5,70,20,16.5,48,53,52,80,236,201,75,-1,-1,-1,2,,
4,2,0,2,39,50,29,16,26,101,68,87,124,200,195,172,-1,-1,-1,5,,
1,2,0,2,42,48,69,23,14,47,45,51,70,246,192,127,251,253,250,2,,
1,2,0,2,42,48,69,23,14,47,158,158,159,106,13,14,20,21,46,2,,
4,2,0,2,42,55,33,28,29,44,192,104,109,-1,-1,-1,-1,-1,-1,5,,
4,2,0,2,42,55,33,28,29,44,191,177,145,-1,-1,-1,-1,-1,-1,5,,
1,2,0,2,42,49,70,20.5,16,47,193,192,197,243,243,243,32,37,53,2,,
1,2,0,2,42,49,70,20.5,16,47,228,228,228,91,26,34,133,34,33,2,,
1,2,0,2,42,49,70,20.5,16,47,47,55,75,240,198,79,-1,-1,-1,2,,
4,2,0,2,42,55,33,28,29,44,187,147,98,-1,-1,-1,-1,-1,-1,5,,
4,2,0,2,42,53,30,27,29,50,192,188,151,-1,-1,-1,-1,-1,-1,5,,
1,2,0,2,42,50,70,20,16,47,73,44,49,227,227,227,-1,-1,-1,1,,
1,2,0,2,42,50,70,20,16,47,73,76,79,90,232,236,239,-1,-1,1,,
1,2,0,2,42,49,70,20.5,16,47,247,247,248,37,32,77,240,187,121,2,,
1,2,0,2,42,49,70,20.5,16,47,236,193,40,31,29,56,223,220,214,2,,
4,2,0,2,40,52,31,23,28,57,157,136,103,-1,-1,-1,-1,-1,-1,5,,
4,2,0,2,42,55,30,23,27,48,82,106,145,144,162,183,-1,-1,-1,5,,
1,2,0,2,44.5,50.5,71,21.5,17.5,49.5,221,76,73,31,21,97,250,253,240,2,,
1,2,0,2,44.5,50.5,71,21.5,17.5,49.5,250,253,240,43,37,65,250,253,240,2,,
1,2,0,2,44.5,50.5,71,21.5,17.5,49.5,54,58,96,254,255,254,188,36,56,2,,
4,2,0,2,42,55,30,23,27,48,165,181,205,-1,-1,-1,-1,-1,-1,5,,
4,2,0,2,39,51,29,24,28,48,198,160,113,-1,-1,-1,-1,-1,-1,5,,
4,2,0,2,39,51,29,24,28,48,77,81,54,-1,-1,-1,-1,-1,-1,5,,
1,2,0,1,44.5,50.5,71,21.5,17.5,49.5,244,176,171,51,66,108,242,241,247,2,,
1,2,0,1,44.5,50.5,71,21.5,17.5,49.5,162,208,189,251,253,255,159,63,68,2,,
4,2,0,2,38,51,32,25,30,48,220,158,54,55,58,93,254,251,248,2,,
4,2,0,2,38,51,32,25,30,48,33,40,50,235,237,232,170,35,49,2,,
1,2,0,2,44.5,50.5,71,21.5,17.5,49.5,128,42,45,236,236,236,-1,-1,-1,2,,
1,2,0,2,44.5,50.5,71,21.5,17.5,49.5,41,58,88,227,248,180,-1,-1,-1,2,,
4,2,0,2,39,51,29,24,28,48,40,43,58,-1,-1,-1,-1,-1,-1,5,,
1,2,0,2,42,50,69,23,14.5,47,189,12,20,254,244,244,-1,-1,-1,2,,
1,2,0,2,42,50,69,23,14.5,47,255,228,238,6,4,8,-1,-1,-1,2,,
1,2,0,2,42,50,69,23,14.5,47,52,63,156,239,239,241,-1,-1,-1,2,,
1,2,0,2,42,49,70,20.5,16,47,56,61,95,244,243,127,-1,-1,-1,2,,
1,2,0,2,42,49,70,20.5,16,47,187,190,195,67,93,174,-1,-1,-1,2,,
4,2,0,2,39,52,28,24,33,53,44,55,75,239,243,247,-1,-1,-1,2,,
1,2,0,2,42,49,70,20.5,16,47,74,69,57,92,111,80,192,192,135,6,,
1,2,0,2,42,49,70,20.5,16,47,208,207,215,37,34,52,-1,-1,-1,2,,
4,2,0,2,38,53,32,25,30,51,75,75,85,236,236,238,-1,-1,-1,1,,
1,2,0,2,44.5,50.5,71,21.5,17.5,49.5,242,242,242,105,151,29,40,43,49,2,,
1,2,0,2,43,50.5,70,19.5,16,47,242,241,246,234,162,30,33,37,58,2,,
4,2,0,2,42,53,30,27,29,50,62,65,48,-1,-1,-1,-1,-1,-1,5,,
1,2,0,2,43,50.5,70,19.5,16,47,71,197,233,7,28,45,245,255,255,2,,
1,2,0,2,43,50.5,70,19.5,16,47,213,216,221,144,20,21,75,88,128,2,,
4,2,0,2,39,51,32,24,28,52,120,152,177,33,36,63,-1,-1,-1,5,,
4,2,0,2,39,51,32,24,28,52,148,135,106,76,72,42,-1,-1,-1,5,,
1,2,0,2,43,50.5,70,19.5,16,47,223,224,228,69,145,202,38,39,44,2,,
4,0,2,0,42,55,30,23,27,48,178,191,198,-1,-1,-1,-1,-1,-1,5,,
1,2,0,2,43,50.5,70,19.5,16,47,31,29,50,255,255,255,-1,-1,-1,5,,
1,2,0,2,43,50.5,70,19.5,16,47,234,240,248,36,62,98,-1,-1,-1,5,,
4,2,0,2,42,55,30,23,28,51,148,170,190,222,230,238,93,116,152,6,,
1,2,0,2,43,50.5,70,20,16.5,48,17,40,77,248,239,121,-1,-1,-1,2,,
1,2,0,2,43,50.5,70,20,16.5,48,99,42,57,254,255,255,-1,-1,-1,2,,
1,2,0,2,43,50.5,70,20,16.5,48,62,62,72,253,253,254,-1,-1,-1,2,,
1,2,0,2,43,50.5,70,20,16.5,48,4,13,50,234,236,239,-1,-1,-1,1,,
1,2,0,2,43,50.5,70,20,16.5,48,173,173,183,243,243,245,-1,-1,-1,1,,
4,2,0,2,39,52,32,27,31,51,97,96,75,-1,-1,-1,-1,-1,-1,5,,
1,2,0,2,43,50.5,70,20,165,48,173,173,173,70,51,56,-1,-1,-1,2,,
1,2,0,2,43,50.5,70,20,165,48,208,208,208,52,59,82,-1,-1,-1,2,,
1,2,0,2,43,50.5,70,20,165,48,33,46,79,253,251,255,-1,-1,-1,2,,
1,2,0,2,42,48,69,23,14,48,237,237,245,-1,-1,-1,-1,-1,-1,5,,
1,2,0,2,42,48,69,23,14,48,120,119,124,-1,-1,-1,-1,-1,-1,5,,
1,2,0,2,42,48,69,23,14,48,31,52,86,-1,-1,-1,-1,-1,-1,5,,
4,2,0,2,42,52,32,17,21.5,100,34,37,46,-1,-1,-1,-1,-1,-1,5,,
4,2,0,2,42,52,32,23,28,53,84,93,62,-1,-1,-1,-1,-1,-1,5,,
1,2,0,2,43,50.5,70,20,16.5,48,226,193,30,46,39,23,-1,-1,-1,2,,
1,2,0,2,43,50.5,70,20,16.5,48,199,199,199,47,47,47,-1,-1,-1,2,,
1,2,0,2,43,50.5,70,20,16.5,48,37,36,50,249,250,252,-1,-1,-1,2,,
1,2,0,2,44,53,71,22,17,51,107,115,140,165,166,170,-1,-1,-1,6,,
4,2,0,2,42,52,32,23,28,53,134,125,123,-1,-1,-1,-1,-1,-1,5,,
1,2,0,2,43,50.5,70,20,16.5,48,210,212,211,249,249,249,-1,-1,1,2,,
1,2,0,2,43,50.5,70,20,16.5,48,235,236,240,45,47,62,-1,-1,1,2,,
4,2,0,2,41,53,32,27,30,53,217,193,169,-1,-1,-1,-1,-1,-1,5,,
1,2,0,1,46,52,71,24,16.5,52,8,8,10,246,248,252,171,39,49,2,,
1,2,0,1,44.5,50.5,71,21.5,17.5,49.5,43,47,143,20,23,64,49,131,201,2,,
1,2,0,2,44.5,50.5,71,21.5,17.5,49.5,43,43,67,249,217,57,248,247,253,2,,
4,2,0,2,38,53,32,25,29,47,144,145,149,-1,-1,-1,-1,-1,-1,5,,
1,2,0,2,44.5,50.5,71,21.5,17.5,49.5,251,250,255,37,87,210,-1,-1,-1,2,,
1,2,0,2,44.5,50.5,71,21.5,17.5,49.5,14,15,19,255,255,255,-1,-1,-1,2,,
1,2,0,2,44.5,50.5,71,21.5,17.5,49.5,180,182,189,12,12,14,-1,-1,-1,2,,
4,2,0,2,42,52,32,23,25,51,79,88,108,43,42,47,-1,-1,-1,2,,
4,2,0,2,41,53,25,27,52,21,26,40,-1,-1,-1,-1,-1,-1,-1,5,,
4,2,0,2,41,53,25,27,52,42,44,23,-1,-1,-1,-1,-1,-1,-1,5,,
1,2,0,2,44.5,51,69,21.5,17.5,49.5,44,58,141,255,255,255,142,152,170,2,,
1,2,0,2,44.5,51,69,21.5,17.5,49.5,16,17,20,255,255,255,197,55,66,2,,
1,2,0,2,44.5,50.5,71,21.5,17.5,49.5,31,35,57,119,159,118,235,233,232,2,,
1,2,0,2,44.5,50.5,71,21.5,17.5,49.5,164,167,175,119,159,118,235,233,232,2,,
1,2,0,2,44.5,50.5,71,21.5,17.5,49.5,111,195,220,239,241,244,-1,-1,-1,2,,
1,2,0,2,44.5,50.5,71,21.5,17.5,49.5,233,233,233,34,34,34,-1,-1,-1,2,,
1,2,0,2,44.5,50.5,71,21.5,17.5,49.5,227,230,239,217,51,53,-1,-1,-1,2,,
1,2,0,2,44.5,50.5,71,21.5,17.5,49.5,186,189,196,229,54,63,-1,-1,-1,2,,
4,2,0,2,42,50,69,19.5,17,48,230,228,231,229,211,64,108,194,198,2,,
4,2,0,2,42,50,69,19.5,17,48,32,33,43,223,189,56,219,144,67,2,,
1,2,0,2,43,51,71,22.5,16.5,48,23,25,40,229,228,232,-1,-1,-1,2,,
1,2,0,2,43,51,71,22.5,16.5,48,236,237,246,64,64,89,-1,-1,-1,2,,
4,2,0,2,39,50,32,15,28,99,21,32,40,-1,-1,-1,-1,-1,-1,5,,
4,2,0,2,39,50,32,15,28,99,50,55,35,-1,-1,-1,-1,-1,-1,5,,
